Workbook

Sheet Giao việc bài viết
A2: Giao Đăng sửa bài Hà Nội trước
A4: Bài trong phạm vi | B4: 93 | C4: Hoàn thành | D4: =SUM(AF9:AF101) -> 0 | E4: Slot case yêu cầu | F4: 279 | G4: Case đã xác minh | H4: =SUM('Hồ sơ case'!AE9:AE287) -> 0
A5: Mỗi URL phải có 3 case đạt. Hạn và người nghiệm thu chưa ấn định. Đọc tab Nhiệm vụ chi tiết và Prompt trước khi làm.
A6: Nguồn 93 URL: sitemap và crawl nội bộ 06/10/2026, đối chiếu phạm vi 07/10. HTTP200 snapshot chưa chứng minh đã sửa hoặc đã nghiệm thu.
A8: Hoàn thành | B8: Mã bài | C8: Địa bàn cũ | D8: Dịch vụ | E8: Phụ trách | F8: Trạng thái | G8: Ưu tiên | H8: Hạn | I8: Column 32 | J8: URL cần sửa | K8: Ca thực tế | L8: Intent chính | M8: Nguồn insight | N8: Trọng tâm riêng | O8: Dàn ý H2/H3 riêng | P8: URL gợi ý đối chiếu | Q8: Brief đạt | R8: Phường cũ đạt | S8: Case đạt / 3 | T8: Điều phối đạt | U8: Nội dung đã sửa | V8: Ảnh/video đã gắn | W8: QA desktop | X8: QA mobile | Y8: Điều kiện còn lại | Z8: Bằng chứng sau sửa | AA8: Ngày kiểm tra | AB8: Việc phải làm theo dịch vụ | AC8: Vướng mắc | AD8: Người nghiệm thu | AE8: URL thực tế đã đọc + ngày | AF8: Hoàn thành đạt (0/1)
A9: FALSE | B9: HN-001 | C9: Hà Nội | D9: Hút bể phốt | E9: Đăng | F9: Đang làm | G9: Hà Nội trước | J9: https://dichvuhuthamcau.vn/hut-be-phot-tai-ha-noi/ | K9: CA 1: - Khu vực thi công: Phố Chùa Bộc, phường Trung Liệt, quận Đống Đa, Hà Nội - Thời điểm: 14:00 ngày 15/03/2024 - Công trình: Nhà hàng kinh doanh ăn uống - Hiện trạng: Nước thải bồn rửa bát và khu vực sơ chế thoát rất chậm, bốc mùi hôi ngược lên sàn bếp khiến không gian kinh doanh bị ảnh hưởng nghiêm trọng. - Khó khăn: Đường ống thoát nước dài, nhiều góc cua vuông góc; khu vực đặt nắp bể phốt nằm sâu bên dưới kho chứa hàng nặng, không gian thao tác chật hẹp. - Cách xử lý: Đội ngũ kỹ thuật sử dụng máy lò xo công suất lớn để thông tắc đường ống dẫn, sau đó đưa vòi hút chuyên dụng của xe bồn công nghệ mới tiếp cận qua khe kỹ thuật để tiến hành hút triệt để chất thải lắng đọng mà không cần đục phá nền. - Kết quả: Hệ thống thoát nước hoạt động trơn tru trở lại, mùi hôi được triệt tiêu hoàn toàn, trả lại không gian sạch sẽ cho nhà hàng. - Ảnh/video/phiếu nghiệm thu: (Ca minh họa - không có hồ sơ thực tế đính kèm) - Người xác nhận thông tin: (Ca minh họa - không có tên người xác nhận thực tế) CA 2: - Khu vực thi công: Khu đô thị mới Văn Quán, phường Văn Quán, quận Hà Đông, Hà Nội - Thời điểm: 09:30 ngày 22/03/2024 - Công trình: Nhà ở liền kề 4 tầng - Hiện trạng: Bồn cầu tầng trệt có hiện tượng trào ngược nước bọt khí và không thể xả thải sau sinh hoạt gia đình đông người dịp cuối tuần. - Khó khăn: Vị trí nhà nằm sâu trong ngõ nhỏ, xe hút kích thước lớn không thể tiến vào tận cửa, đòi hỏi phải triển khai tuyến ống mềm nối dài gần 80 mét. - Cách xử lý: Khảo sát nhanh dung tích bể, điều phối xe chuyên dụng đỗ ở trục đường lớn kết hợp nối hệ thống ống áp lực cao kéo vào tận công trình để tiến hành hút sạch bùn đáy và mỡ đóng cục. - Kết quả: Thông thoát hoàn toàn các điểm nghẽn, kiểm tra dòng chảy đạt tiêu chuẩn kỹ thuật, vệ sinh khu vực thi công sạch sẽ trước khi bàn giao. - Ảnh/video/phiếu nghiệm thu: (Ca minh họa - không có hồ sơ thực tế đính kèm) - Người xác nhận thông tin: (Ca minh họa - không có tên người xác nhận thực tế) CA 3: - Khu vực thi công: Phố Lạc Long Quân, phường Nhật Tân, quận Tây Hồ, Hà Nội - Thời điểm: 16:15 ngày 28/03/2024 - Công trình: Tòa nhà cho thuê căn hộ dịch vụ 6 tầng - Hiện trạng: Hệ thống tự hoải của tòa nhà quá tải do lượng khách lưu trú tăng cao, xuất hiện hiện tượng rò rỉ nước thải tràn ra khu vực tầng hầm để xe. - Khó khăn: Lối xuống tầng hầm thấp hạn chế chiều cao của xe bồn, vị trí nắp bể nằm khuất dưới hệ thống đường ống kỹ thuật phức tạp của tòa nhà. - Cách xử lý: Sử dụng máy hút chân không chuyên dụng công suất cao kết hợp phương án luồn ống hút chuyên dụng qua khe kỹ thuật hẹp để hút sạch toàn bộ chất thải lỏng và đặc trong các ngăn bể tự hoại. - Kết quả: Giải quyết dứt điểm tình trạng tràn nước thải hầm gửi xe, khử khuẩn và xịt rửa sạch sẽ khu vực xung quanh đảm bảo vệ sinh môi trường chung. - Ảnh/video/phiếu nghiệm thu: (Ca minh họa - không có hồ sơ thực tế đính kèm) - Người xác nhận thông tin: (Ca minh họa - không có tên người xác nhận thực tế) | L9: Từ khóa chính: hút bể phốt Hà Nội (biến thể: hút bể phốt tại Hà Nội). Intent chủ đạo: tìm và đặt dịch vụ tại Hà Nội, kèm so sánh đơn vị và chi phí trước khi gọi. Khách cần xác định có phải hút bể hay kiểm tra/thông nhánh; tổng tiền theo m³ thực tế hoặc khoán, cách đo lượng và duyệt phát sinh; nhà trong ngõ/bể chung có tiếp cận được không; khu vực nhận việc, lịch xe, nghiệm thu và bảo hành. Nhu cầu phụ: chuẩn bị hiện trường, xử lý khi vẫn thoát chậm sau hút, tra cứu bài quận/huyện. Đây là suy luận từ SERP và nội dung đã đọc, chưa phải thống kê hành vi khách Hà Nội. | M9: NGUỒN VÀ MỨC CHẮC CHẮN — 15/10/2026 1. Nguồn doanh nghiệp và hiện trạng: đọc toàn bộ bài live https://dichvuhuthamcau.vn/hut-be-phot-tai-ha-noi/ bằng trình duyệt; bài hiển thị cập nhật 15/10/2026, kiểm duyệt Nguyễn Minh Khôi. Đã có giá, đo lượng đầu/cuối, phụ phí, 3 ca, điều phối, bảo hành, FAQ và 30 liên kết địa bàn. Chắc chắn cao về nội dung đang xuất bản; không suy thành dữ liệu cuộc gọi. Các mục ghi Khôi cung cấp/kiểm chứng được bảo toàn theo nguồn xác nhận công khai, không hạ nhãn vì Sheet chưa có bản sao. 2. Google quan sát trực tiếp: truy vấn nguyên văn “hút bể phốt Hà Nội”; 15/10/2026, phiên nghiên cứu khoảng 11:40–12:00 giờ Việt Nam; hl=vi, gl=vn, pws=0; Google ghi kết quả không cá nhân hóa, vị trí theo IP “Cái Răng, Hưng Phú, Cần Thơ”. Trình duyệt máy tính, ảnh SERP và cây truy cập được quan sát trong phiên. Không phải phép đo tại Hà Nội; thời điểm bắt đầu chính xác tới phút không được lưu. Link tái tra cứu: https://www.google.com/search?q=h%C3%BAt+b%E1%BB%83+ph%E1%BB%91t+H%C3%A0+N%E1%BB%99i&hl=vi&gl=vn&pws=0 Thứ tự dưới đây đếm các kết quả web độc lập; bỏ qua AI Overview ở giữa vị trí 2 và 3, sitelink và khối ảnh; không tính quảng cáo/Maps. Bài Toàn Việt không nằm trong năm kết quả quan sát; không suy vị trí của bài ngoài phạm vi này. #1 https://thongtacconghanoi.net/hut-be-phot-gia-re-2/ — Hưng Thịnh. Đọc đủ nội dung chính và FAQ. Luồng H2/H3: nhu cầu/dấu hiệu → giới thiệu → nhiều nhóm giá (hộ gia đình, xe, bùn, mỡ, công trình) → tránh phí mập mờ → địa bàn → năng lực/phương pháp → xử lý chất thải → bảo hành → dịch vụ khác/FAQ. Hữu ích: hỏi rõ phạm vi, phụ phí, điều kiện bảo hành. Chưa rõ: bảng “trọn gói” vẫn gắn m³, các cột theo xe/khối khó đối chiếu; FAQ loại xe trả lời lệch sang giá. HN-001 nên giữ cách tách dung tích/khối thực tế/khoán và mẫu kiểm tra tổng tiền; thêm bằng chứng đo, không chép giá hay lời hứa của họ. #2 https://moitruongminhtam.vn/hut-be-phot-tai-ha-noi-2639.html — Minh Tâm. Đọc đủ nội dung chính. Luồng: giá theo xe → nhóm khách và cam kết → quy trình 6 bước → cam kết → chân không/không đục/camera/lò xo → cảnh báo → dịch vụ khác → chi nhánh/liên hệ. Hữu ích: bảng xe dễ tra, có lưu ý giá cho xí nghiệp, hộ dân hỏi riêng; có bước hợp đồng, nghiệm thu. Chưa đủ: cách tự kiểm tra lượng chỉ là lời cam kết, thiếu ví dụ đầu/cuối và mẫu phiếu; không thấy hồ sơ công trình có ngày/đo lượng tương ứng. HN-001 đã sâu hơn ở số liệu đầu/cuối; cần làm phần đó dễ tìm và bổ sung tư liệu thật, không chạy theo giá mở đầu. #3 https://thanglongenvico.com/hut-be-phot-ha-noi/ — Thăng Long Envico. Đọc đủ nội dung chính, đã xem ảnh bảng giá nhúng. Luồng: lý do định kỳ → ưu điểm (giờ làm/bảo hành/nhân sự/giá) → dấu hiệu → bảng giá dạng ảnh → quy trình → dịch vụ/cam kết → danh sách địa bàn. Hữu ích: tuyến tiếp nhận–khảo sát–nghiệm thu–thanh toán, hóa đơn/phiếu. Thiếu hướng dẫn đo lượng, cấu phần phát sinh và ngõ hẹp đủ cụ thể; bảng giá ảnh không giải thích phạm vi tính. HN-001 nên giữ bảng HTML, phương án tiếp cận và tiêu chí bàn giao; bổ sung nguồn cho phần vận chuyển/xử lý chất thải thay vì chỉ quảng cáo sạch. #4 https://kienmoitruong.com/ — Kiến Môi Trường. Đọc đủ nội dung chính/FAQ. Luồng: nhu cầu → dấu hiệu/định kỳ → giới thiệu → giá khoán/xe/bùn → năng lực → phương pháp → quy trình → cam kết/đánh giá → tránh bẫy → FAQ → địa bàn. Hữu ích: câu hỏi tìm nắp bể, ngõ nhỏ, khoan mở, chứng từ, bảo trì. Chưa rõ: bảng khoán ghi m³, một số mức theo xe/khối lẫn nhau; bảo hành thân bài và footer không đồng nhất; các số liệu hành vi không kèm phương pháp kiểm chứng. Không dùng các số đó làm insight của Toàn Việt. HN-001 cần giữ phạm vi khoán, bảng giá đúng chính sách và giới hạn khảo sát, không thêm bảo hành dài để cạnh tranh. #5 https://kienvesinh.com/ — Kiến Vệ Sinh. Đọc đủ nội dung chính, case và FAQ. Luồng: định kỳ/dấu hiệu → các phương pháp có ưu/nhược → giới thiệu → 6 nhóm giá → quy trình → cam kết → cảnh báo/tiêu chí → danh sách đơn vị → case Cầu Giấy → địa bàn/FAQ. Hữu ích: có case gắn vấn đề và kiểm tra sau xử lý, đề cập giám sát thông số. Chưa rõ: case không cho số đo đầu/cuối hoặc phiếu để đối chiếu; thời hạn bảo hành khác nhau giữa H1 và các đoạn cam kết; nhiều bảng thiếu phạm vi đồng nhất. Cơ hội của HN-001 là bằng chứng theo từng ca và số liệu đo, không thêm danh sách “top công ty” hoặc toàn bộ nhóm giá khác dịch vụ. 3. Insight theo nhóm nguồn: - SERP và 5 trang: nhu cầu đặt dịch vụ đi cùng giá, điều kiện đến nơi, tiếp cận, bảo hành là suy luận intent có độ tin cậy vừa–cao trong phiên; không có tần suất, tỷ lệ hoặc volume. - Quan sát trực tiếp HN-001: khách đã có hướng dẫn so tổng tiền và phân biệt hút/thông; khoảng trống còn lại là ảnh số đo/phiếu, cách nhiều lượt và phần sau thu gom. Độ chắc chắn cao về hiện trạng; mức độ tác động chuyển đổi là giả thuyết cần đo. - Hồ sơ nguồn trong Sheet: J9 ghi rõ cả ba ca là minh họa; Hồ sơ case HN-001-C1/C2/C3 đều chờ Khôi; Phạm vi điều phối VH-01…VH-15 chưa điền xác nhận. Đây là bằng chứng tình trạng hồ sơ của Sheet, không phủ định xác nhận Khôi đã ghi trên live. Chỉ đạo Prompt: ba câu hỏi được chủ máy xác nhận tại Bắc Từ Liêm không tự mở rộng thành insight đã xác nhận toàn Hà Nội. - Chính sách đã đọc: https://dichvuhuthamcau.vn/bang-gia/ (phần hút, điều kiện giá, bảo hành và FAQ đang mở); https://dichvuhuthamcau.vn/chinh-sach-bao-hanh/ (đọc nội dung chính). Giá/bảo hành HN-001 khớp các phần này; không phát hiện lý do đổi số. - Chưa tiếp cận bản ghi cuộc gọi/tin nhắn hay tập dữ liệu khách. Lo ngại phí/đo sai, muốn nhanh, ngõ khó là giả thuyết nghiên cứu, không phải lời khách được xác minh. 4. Nội bộ đã đọc toàn bộ nội dung chính, cùng ngày: https://dichvuhuthamcau.vn/hut-be-phot-tai-ba-dinh/ — bể chung, đại diện nhiều hộ, ngõ/lối chung. https://dichvuhuthamcau.vn/hut-be-phot-tai-hoan-kiem/ — tuyến ngõ phố cổ, dò nắp, ca đêm theo công trình. https://dichvuhuthamcau.vn/hut-be-phot-tai-tay-ho/ — kiểm tra từng ngăn, tách tuyến bếp và nhánh vệ sinh. Các bài cùng dùng bảng giá 04/09/2026, hotline, bảo hành là chính sách chung hợp lý. Bằng chứng trùng nguyên văn: dòng mức chuyến tối thiểu và đoạn bắt đầu “Cách tính: Từ 1 đến 10m³” trong bảng giá; không coi bản thân sự lặp chính sách là lỗi. Trùng ý: một bồn cầu chậm chưa kết luận bể đầy, chốt phát sinh trước làm, thử xả và giữ phiếu. Giá trị riêng nằm ở quyết định/case từng địa bàn; không sao chép các case này vào hub để đủ số lượng. 5. GSC: đã thử list_sites qua GSC Wizard ngày 15/10/2026; trả payment_required (hết trial/không có gói hoạt động). Chưa lấy property, truy vấn, kỳ đo hay bộ lọc URL. Không có clicks/impressions/CTR/vị trí GSC; không kết luận website giảm hạng, bị phạt hay cannibalization. Đề nghị người có quyền xuất dữ liệu search type Web, page equals URL HN-001, 28 ngày đầy đủ gần nhất và 28 ngày liền trước; ghi ngày bắt đầu/kết thúc, quốc gia/thiết bị thực dùng, ngày sửa và độ đầy đủ khi thực hiện. Tiêu đề trang ghi nhận (Title/H1; giữ khác biệt với snippet Google): #1 Title/H1: Hút bể phốt tại Hà Nội giá rẻ【 ✔️ 250K /m3】- BH 6 Năm. #2 Title/H1: Bảng giá hút bể phốt tại Hà Nội cập nhật T4/2026. #3 Title/H1: Hút bể phốt tại Hà Nội bảo hành 60 tháng, LH 097.944.5555. #4 Title/H1: Hút bể phốt tại Hà Nội giá rẻ【 ✔️ 50.000đ/m3】- BH 10 năm. #5 Title: Hút Bể Phốt Tại Hà Nội Từ 50k/m3, Đo Khối Trước Khi Hút 24/7. H1: Dịch Vụ Hút Bể Phốt Tại Hà Nội Đo Khối Rõ Ràng Sạch Cặn Đáy [BH 7 Năm]. | N9: TRỌNG TÂM: Hub giúp khách tại Hà Nội chọn đúng công việc, kiểm tra tổng báo giá và lượng hút, xác nhận điều kiện tiếp cận/lịch xe, rồi tìm bài địa bàn phù hợp. Lý do: SERP thiên về giá mở đầu, tốc độ và bảo hành; 5 trang đã có nhiều nội dung tổng quát nhưng hướng dẫn đối chiếu lượng/phạm vi chưa đồng đều. HN-001 hiện có nền tốt: phân biệt ba loại thể tích, đo đầu/cuối trên xe, phụ phí có điều kiện, ví dụ cộng tiền, mẫu phiếu và 3 ca Khôi xác nhận. Giữ và làm rõ nền này có giá trị hơn việc bổ sung quảng cáo hoặc lặp toàn bộ FAQ địa phương. Dòng ma trận đề xuất: HN-001 | Hút bể phốt/Hà Nội | đặt dịch vụ + kiểm tra báo giá | câu hỏi có nguồn công khai: giá theo gì, làm trong ngõ thế nào, xác nhận kết quả ra sao | trọng tâm chọn–chốt–đối chiếu | luồng trả lời nhanh → phân loại sơ bộ → giá/đo lượng → tiếp cận/phạm vi → bằng chứng ca → nghiệm thu/hậu mãi → tra cứu địa bàn | dạng bảng quyết định, một cụm giá thống nhất, ca giải thích quyết định, danh bạ liên kết | bằng chứng riêng: Văn Chương 1,5 m³/80 m; Trần Thái Tông 4 m³/23h30; Văn Quán 8 m³/mở nền; nguồn Khôi được ghi trên live | chung hợp lý: giá, liên hệ, nguyên tắc an toàn, bảo hành | dễ trùng: Ba Đình/Hoàn Kiếm/Tây Hồ | brief đề xuất, chưa triển khai website/chưa nghiệm thu. Phân vai: - Hà Nội giữ đầy đủ số liệu/địa điểm/điều phối đã duyệt và 3 ca hiện có; hướng dẫn chung về lượng, khoán, phát sinh, phiếu; liên kết đi quận/huyện. - Ba Đình để sâu việc thống nhất người duyệt và nghiệm thu bể nhiều hộ, tuyến ống/lối chung; hub chỉ tóm tắt nhu cầu để dẫn link. - Hoàn Kiếm để sâu giờ được tiếp cận, nắp bị che và tuyến phố/ngõ theo từng công trình; không suy mọi phố cổ đều làm đêm. - Tây Hồ để sâu cửa thăm từng ngăn, thử riêng tuyến bếp/nhánh vệ sinh/đầu ra; hub chỉ phân loại cơ bản và dẫn đọc. - Không chuyển dữ liệu đã xác minh khỏi HN-001 chỉ để khác cấu trúc. Có thể gộp đoạn chung nhưng phải giữ đủ ý và số liệu. Không chép toàn bộ 30 bảng phường/xã vào hub; dùng bài địa bàn và mốc địa giới đúng nguồn. Nguồn còn cần đưa vào hồ sơ: liên kết xác nhận đã có của Khôi cho ba ca live và vận hành, mã công trình gốc, ảnh gốc/quyền công khai, ảnh chỉ thị mức/phiếu được phép dùng. Đây là yêu cầu hoàn thiện dấu vết nghiệm thu trong Sheet, không gắn lại nhãn chưa xác minh cho dữ kiện Khôi đã xác nhận. Bổ sung cách ghi nhiều lượt, VAT/khoản đã gồm và chứng từ bàn giao chất thải chỉ sau khi vận hành cung cấp phần thực tế còn thiếu. | O9: DÀN Ý ĐỀ XUẤT SỬA HN-001 — chưa thực hiện trên website; không giới hạn số từ. Title có thể giữ: Hút bể phốt tại Hà Nội – Bảng giá, quy trình | Toàn Việt. H1 đề xuất: Hút bể phốt tại Hà Nội: giá, cách kiểm tra lượng hút và đặt lịch. Meta đề xuất: Hút bể phốt Hà Nội: xem giá tham khảo, cách đối chiếu lượng hút, phụ phí và điều kiện xe tiếp cận. Gọi Toàn Việt 0943.789.121 để xác nhận lịch. Mở bài mẫu: “Cần hút bể hay kiểm tra đường ống trước? Hãy gửi vị trí, các điểm đang thoát chậm và ảnh lối vào để đội kỹ thuật xác nhận công việc. Bên dưới là giá tham khảo, cách đối chiếu lượng hút hoặc phạm vi khoán, phụ phí và thông tin cần chốt trước khi làm tại Hà Nội.” Giữ khối gọi/Zalo hiện có và thông tin tiếp nhận đã được duyệt; không thay lời xác nhận vận hành bằng mẫu mở bài. Đặt link nhanh tới phân loại, giá, điều kiện, 3 ca và tra cứu; giữ neo khi tổ chức lại. H2 1. Cần hút bể phốt hay kiểm tra bồn cầu, đường ống trước? Mục đích: chọn đúng hạng mục trước khi đặt; đưa phần #phan-biet hiện có lên sớm hơn nhưng không che lối tới giá. H3: Chỉ một thiết bị chậm và nhiều điểm cùng trào khác nhau ở đâu? Bảng biểu hiện → thông tin khách cung cấp → phần kỹ thuật viên cần kiểm tra; dấu hiệu không phải chẩn đoán chắc chắn. H3: Khi có cả tuyến bếp, bể chung hoặc nghi vấn kết cấu. Tách mỡ/hố ga với hút bể, tránh gọi gộp mọi sự cố là đầy bể. Giữ nội dung phân loại tốt hiện có; liên kết đúng anchor “thông tắc cống tại Hà Nội” → https://dichvuhuthamcau.vn/thong-tac-cong-tai-ha-noi/ và “thông tắc bồn cầu tại Hà Nội” → https://dichvuhuthamcau.vn/thong-tac-bon-cau-tai-ha-noi/. URL đã thấy trong bài; nội dung hai trang này chưa nghiên cứu trong phiên. Đạt khi khách biết cần mô tả gì, không bị hứa hút là hết mọi lỗi. Không tự xuống/mở bể. H2 2. Giá hút bể phốt Hà Nội: chốt tổng tiền và cách xác nhận lượng Mục đích: gom 5 H2 giá/khối lượng hiện tại thành cụm dễ tra, bảo toàn mọi mức giá và điều kiện đã được duyệt. H3: Bảng giá theo m³ và mức chuyến tối thiểu. Giữ ngày áp dụng 04/09/2026, các bậc đúng bảng gốc, không lũy tiến, >10 m³ khảo sát. Link “bảng giá dịch vụ hiện hành” → https://dichvuhuthamcau.vn/bang-gia/. H3: Dung tích thiết kế, dự kiến và lượng thực tế khác nhau thế nào? Giữ bảng 3 khái niệm; phân biệt đơn vị thể tích với khối lượng cân. H3: Tính m³: cùng đọc mức đầu/cuối, nước sục rửa và nhiều lượt. Giữ thông tin Khôi đã xác nhận về vạch 0,5/1 m³ tùy xe; thêm bảng số liệu từng lượt và tổng nếu được vận hành duyệt. Không lấy dung tích xe hay đồng hồ áp lực làm lượng hút. H3: Giá khoán theo bể/xe: ghi phạm vi và khoản đã gồm. Giữ ví dụ kích thước 2×1×1,5 m chỉ để thỏa thuận khoán; không đổi thành số đo lượng hút. H3: Phụ phí và ví dụ đối chiếu tổng tiền. Giữ 30 m đầu, phí ống thêm, đêm sau 22h, phá mỡ, dò/mở/hoàn thiện nền; giữ ví dụ 1,5 m³/80 m và nhãn minh họa. Làm rõ giờ 18–22h, thuế, phí khảo sát/chứng từ nếu thiếu nguồn; không tự điền mức mới. H3: Bảng cần chốt trước thi công. Cách tính, lượng/phạm vi, từng khoản, thuế, người duyệt thay đổi; rút phần lặp ở FAQ bằng câu trả lời ngắn dẫn neo. Đạt khi khách cộng được tổng theo tình huống có điều kiện và phân biệt ví dụ với hóa đơn ca thật; đủ mọi số liệu cũ sau gộp. H2 3. Công trình của bạn cần chuẩn bị gì để xác nhận phương án? Mục đích: chuyển từ giá sang khả năng triển khai; giữ #dieu-kien và gắn thiết bị với điều kiện cụ thể. H3: Nhà ngõ nhỏ/phố cũ: ghim đúng cổng, ảnh góc rẽ/bậc thềm, điểm xe dừng, tuyến ống và vị trí nắp; chiều dài/độ chênh do kỹ thuật viên xác nhận, không cam kết mọi ngõ. H3: Chung cư/khu tập thể: bể riêng/chung, người mở khu kỹ thuật, người duyệt chi phí và ký phiếu. H3: Nhà trọ, hàng quán: tách tuyến vệ sinh/bẫy mỡ, hẹn lúc ít ảnh hưởng, bảo vệ lối đi và khu sạch. H3: Bể chưa có điểm tiếp cận: khảo sát dò, xin phép mở, hoàn thiện mặt bằng. Nêu điều kiện áp dụng của xe nhỏ/xe lớn/ống dài và thiết bị hỗ trợ từ nguồn Khôi; không thêm model/công suất hay giới hạn chưa có. Đạt khi khách có danh sách gửi thông tin thực dụng; điều kiện xe/thiết bị được nói có giới hạn. Chi tiết riêng từng phố/bể chung/cửa thăm để bài địa bàn xử lý sâu. H2 4. Phạm vi nhận việc và cách xác nhận lịch xe ở Hà Nội Mục đích: giúp biết có thể đặt tại địa chỉ nào, không nhầm nơi phục vụ với chi nhánh. H3: Khu vực đã xác nhận và địa chỉ cần hỏi thêm. Giữ đủ 14 khu vực trong mục điều phối, tên địa bàn cũ để tra cứu, yêu cầu phường/xã hiện tại + ghim cổng. H3: Trực chốt phân tán, điều phối tập trung; chọn xe theo công trình. Giữ địa điểm bố trí xe nhỏ ở Đống Đa/Ba Đình/Hoàn Kiếm, xe 3–10 m³ dọc Vành đai 2/3, hướng Hà Đông/Long Biên; không biến thành địa chỉ chi nhánh. H3: Tiếp nhận 24/7, tài xế gọi lại khoảng 3 phút và điều kiện khung 15–30 phút. Giữ nguyên điều kiện xe ở gần/giao thông/tiếp cận, giấy phép ban ngày/đêm, cập nhật khi thay đổi; không hứa thời gian vô điều kiện. Đạt khi dữ kiện Khôi xác nhận trên live được bảo toàn đủ, hồ sơ Sheet chỉ ghi chờ đối chiếu nguồn đã có. H2 5. Ba công trình Hà Nội minh họa cách chọn phương án và kiểm tra Mục đích: dùng bằng chứng riêng để giải thích quyết định, không thêm 3 truyện tình huống mới. H3: Văn Chương: xe dừng ngoài phố, tuyến 80 m, lượng 1,5 m³. Giữ thời điểm, công trình, triệu chứng, xe 2 m³, cách đối chiếu và kết quả ở thời điểm bàn giao; đối chiếu phụ phí. H3: Trần Thái Tông: bể kết hợp hố ga mỡ, ca 23h30, lượng 4 m³. Giữ ranh giới hút/mỡ và kết quả; cần bổ sung cách xác nhận số 4 m³ từ hồ sơ đã có nếu chưa nêu, không dùng nhìn hố ga thay đo thể tích. H3: Văn Quán: dò nắp dưới nền, xe 10 m³, lượng 8 m³. Giữ việc xin phép mở ô gạch, ống 110 mm, phí 200.000+150.000 đồng và hoàn thiện nền; không suy mọi ca đều không đục. Đặt ảnh hiện có sát ca tương ứng, giữ alt/chú thích và nhận diện thật. Gắn ảnh thang mức trước/sau, phiếu che dữ liệu hoặc video khi có quyền công khai. J9 là ba ca minh họa khác; tuyệt đối không dùng để thay 3 ca live. Ghi trong brief: “Hồ sơ slot HN-001-C1/C2/C3 trong Sheet đang chờ đối chiếu/bổ sung; live ghi Khôi đã kiểm chứng các ca khác; giữ dữ kiện đã xác nhận, chưa nghiệm thu phần hồ sơ và tư liệu.” Video chưa có trên bài; bàn giao Tân sau khi có nguồn, không hứa đã gắn. Đạt khi từng ca khớp mã gốc, dữ kiện, ảnh/quyền dùng, phương pháp đo và kết quả; thiếu tư liệu ghi ở hồ sơ làm việc, không tự gỡ ca đã duyệt. H2 6. Từ khảo sát đến nghiệm thu: kiểm tra công việc, lượng và tổng tiền Mục đích: chứng minh kết quả theo phạm vi; kế thừa quy trình và mẫu phiếu hiện có. H3: Khảo sát–chốt–thi công và duyệt thay đổi. Ai cung cấp, ai duyệt và ai chứng kiến; gắn từng bước với đầu ra. H3: Phiếu bàn giao gồm gì? Mức đầu/cuối hoặc số liệu từng lượt, m³ hoặc phạm vi khoán, khoản được duyệt, tổng tiền, đóng nắp/hoàn thiện, vệ sinh và bảo hành. H3: Thử lại các điểm từng gặp sự cố; còn nhánh chậm phải kiểm tra đúng nhánh. Giữ mẫu đối chiếu và câu phân biệt nghiệm thu tình trạng với đo lượng. H3: Thu gom, vận chuyển và bàn giao chất thải. [CẦN BỔ SUNG NGUỒN vận hành: nơi tiếp nhận, đơn vị thực hiện, chứng từ có thể công khai/phạm vi áp dụng]. Chỉ thêm phần cụ thể khi có hồ sơ; không tự tuyên bố giấy phép/đạt chuẩn hoặc suy từ quảng cáo đối thủ. Đạt khi khách biết kiểm tra gì trước trả tiền và không bị tính thêm khoản đã có trong gói. Phần xử lý chất thải để mở nếu chưa có nguồn. H2 7. Sau khi hút: an toàn, theo dõi và bảo hành đúng hạng mục Mục đích: trả lời nếu triệu chứng còn/tái diễn, kế thừa #an-toan và #ho-tro-sau-thi-cong. H3: Hạn chế xả khi trào, tránh nắp nứt/nền lún, không tự xuống bể; theo dõi các điểm thoát, lưu ngày và phiếu. H3: Bảo hành tối đa 12 tháng theo phiếu; hút sót và loại trừ nứt/thấm. Link “chính sách bảo hành Toàn Việt” → https://dichvuhuthamcau.vn/chinh-sach-bao-hanh/. H3: Cần hỗ trợ thì gửi số phiếu/địa chỉ/ngày làm và điểm còn bất thường. Giữ “hẹn lịch trong 24 giờ”, không đổi thành thời gian hoàn tất. Đạt khi khớp chính sách gốc, không sao chép bảo hành 5–10 năm của đối thủ hay áp chu kỳ hút cố định. H2 8. Tra cứu bài hút bể phốt theo địa bàn Hà Nội Mục đích: vai trò hub; giữ đủ 30 URL đang có, nhóm để tra nhanh khi phù hợp; không nhồi bảng tất cả phường/xã. H3: Chọn địa bàn quen gọi và đối chiếu phường/xã hiện tại. Nếu dẫn dữ liệu cũ ghi đúng mốc, không gọi tổng 526+78 là 604 đơn vị đồng thời. H3: Đọc sâu theo nhu cầu: “hút bể phốt tại Ba Đình” → https://dichvuhuthamcau.vn/hut-be-phot-tai-ba-dinh/ (bể chung/lối ngõ); “hút bể phốt tại Hoàn Kiếm” → https://dichvuhuthamcau.vn/hut-be-phot-tai-hoan-kiem/ (phố cổ/nắp/giờ làm); “hút bể phốt tại Tây Hồ” → https://dichvuhuthamcau.vn/hut-be-phot-tai-tay-ho/ (cửa thăm/từng tuyến). Giữ lời phân biệt liên kết tra cứu với vùng nhận việc/xe có sẵn. Không đưa địa chỉ điểm trực của bài quận vào hub như chi nhánh mới. Đạt khi anchor/URL đúng, phân vai rõ và khách tìm được trang địa bàn mà không đọc lại toàn bài hub. H2 9. Câu hỏi cần trả lời nhanh trước khi đặt Mục đích: FAQ ngắn, dẫn neo chi tiết, tránh lặp nguyên bảng giá/quy trình. H3: Không biết dung tích hay vị trí nắp thì gửi gì? H3: Nhà ngõ nhỏ, chưa biết xe dừng ở đâu thì có chốt được lịch không? H3: Nước sục rửa hoặc xe nhiều lượt được ghi và đối chiếu thế nào? [chờ phần nhiều lượt được vận hành xác nhận]. H3: Giá khoán có cộng lại m³ không; phát sinh được duyệt lúc nào? H3: Hút xong vẫn chậm thì cung cấp gì để kiểm tra/bảo hành? Giữ đủ thông tin hữu ích của 8 câu hiện có qua câu ngắn/neo; không làm mất giá, 3 phút/15–30 phút có điều kiện và bảo hành đã xác nhận. Không thêm bộ FAQ chỉ để tăng số lượng. FAQ schema sau sửa phải khớp câu hiển thị, không coi parse được là chắc chắn có rich result. CTA cuối: gọi 0943.789.121 hoặc Zalo https://zalo.me/0943789121; gửi địa chỉ hiện tại, ghim, biểu hiện, lối vào, giờ thuận tiện; xác nhận phương án–giá–lịch riêng. NGHIỆM THU BRIEF: đối chiếu từng dữ kiện bảo vệ ở AA9; các nội dung được gộp còn đủ ý/số; nguồn mới được xác nhận trước khi xuất bản; khác biệt nằm ở vai trò hub và bằng chứng, không chỉ tên H2. D01/D02 chưa đồng nghĩa QA live sau sửa hoặc kết quả SEO. | P9: https://dichvuhuthamcau.vn/hut-be-phot-tai-ba-dinh/ https://dichvuhuthamcau.vn/hut-be-phot-tai-hoan-kiem/ https://dichvuhuthamcau.vn/hut-be-phot-tai-tay-ho/ https://dichvuhuthamcau.vn/bang-gia/ https://dichvuhuthamcau.vn/chinh-sach-bao-hanh/ | Q9: FALSE | R9: FALSE | S9: =SUMIFS('Hồ sơ case'!$AE$9:$AE$287,'Hồ sơ case'!$B$9:$B$287,B9) -> 0 | T9: FALSE | U9: FALSE | V9: FALSE | W9: FALSE | X9: FALSE | Y9: =IF(AND(Q9=TRUE,R9=TRUE,S9=3,T9=TRUE,U9=TRUE,V9=TRUE,W9=TRUE,X9=TRUE,Z9<>"",AA9>0,AD9<>"Chưa xác định",AD9<>""),"Đủ bước, chờ nghiệm thu","Còn bước hoặc dữ liệu") -> Còn bước hoặc dữ liệu | AB9: D01–QA10. Đọc bài hiện tại, sửa câu lỗi. Làm rõ cần hút hay kiểm tra/thông, giá theo lượng/khoán và cách xác nhận. Bổ sung3case đúng địa bàn, bảng phường cũ, phạm vi và điều xe có nguồn. Thiết kế luồng riêng theo brief. BỔ SUNG NGHIÊN CỨU HN-001 — 15/10/2026, chỉ brief, chưa sửa website. D01 HIỆN TRẠNG: URL https://dichvuhuthamcau.vn/hut-be-phot-tai-ha-noi/ đọc toàn bộ nội dung chính bằng trình duyệt; bản live ghi cập nhật 15/10/2026. Title/H1 cùng nội dung: “Hút bể phốt tại Hà Nội – Bảng giá, quy trình | Toàn Việt”. Meta: “Hút bể phốt tại Hà Nội cho nhà dân, chung cư, cơ sở kinh doanh. Xem bảng giá, cách xác nhận lượng hút, phụ phí và lịch xe Toàn Việt. Gọi 0943.789.121.” Mở bài hiện có nêu nhà dân/nhà trọ/chung cư/cơ sở kinh doanh, tiếp nhận 24/7, khảo sát nguyên nhân/lối xe/vị trí bể, chốt m³ hoặc khoán và phụ phí; CTA gọi/Zalo và dữ liệu khách cần gửi. Không đánh giá từ snippet. H2/H3 HIỆN TẠI (đúng thứ tự nội dung chính; loại menu/footer/TOC): H2 Bảng giá hút hầm cầu, hút bể phốt theo m³ H2 Phân biệt dung tích bể, lượng dự kiến và lượng tính tiền H2 Phương pháp xác nhận lượng hút tại công trình H3 Đọc kính báo mức trên bồn xe H3 Xác định thể tích bể để thỏa thuận giá khoán H3 Chốt giá trọn gói theo bể hoặc theo xe H2 Phụ phí thực tế tại Hà Nội H2 Cách đối chiếu tổng chi phí trước khi làm H3 Bảng đối chiếu báo giá trước khi đồng ý thi công H2 3 ca hút bể phốt thực tế tiêu biểu tại Hà Nội H3 Ca 1: Nhà trong ngõ Văn Chương, kéo ống hút 80 m H3 Ca 2: Xử lý bể và hố ga mỡ nhà hàng lúc 23h30 H3 Ca 3: Dò vị trí bể dưới nền chung cư mini Văn Quán H2 Chuẩn bị cho nhà trong ngõ nhỏ, chung cư và cơ sở kinh doanh H3 Nhà trong ngõ nhỏ hoặc phố cũ H3 Chung cư và khu tập thể H3 Nhà trọ, hàng quán và cơ sở kinh doanh H2 Nhận biết sự cố ở bể và đường ống H2 Khảo sát, thi công và nghiệm thu H3 Mẫu thông tin đối chiếu trên phiếu nghiệm thu H2 Lưu ý trước và sau khi hút H2 Bảo hành và hỗ trợ sau thi công H2 Phạm vi nhận việc và điều phối xe tại Hà Nội H3 Tiếp nhận và xác nhận thời gian đến nơi H2 Tra cứu dịch vụ theo địa bàn Hà Nội H2 Câu hỏi thường gặp về hút bể phốt tại Hà Nội H3 Giá hút bể phốt tại Hà Nội được tính thế nào? H3 Có cần biết dung tích bể trước khi gọi không? H3 Nhà trong ngõ nhỏ có hút được không? H3 Chung cư hoặc khu tập thể cần chuẩn bị gì? H3 Bao lâu thì kỹ thuật viên tới nơi? H3 Hút bể xong mà bồn cầu vẫn thoát chậm thì sao? H3 Cần kiểm tra gì khi nghiệm thu? H3 Hút bể phốt được bảo hành thế nào? TECHNICAL ĐÃ QUAN SÁT: URL cuối không chuyển sang địa chỉ khác; canonical tự trỏ; meta robots “follow, index, max-snippet:-1, max-video-preview:-1, max-image-preview:large”; robots.txt không chặn đường dẫn bài cho User-agent *. Một H1 trong article. Ba khối JSON-LD parse được: graph Article/WebPage/Organization…; Service; FAQPage. Không thấy Review/AggregateRating trong các khối đó. Tính đúng dữ kiện/điều kiện rich result chưa được kiểm định độc lập; không đề nghị thêm schema để hứa hiển thị. Neo #bang-gia-ha-noi có tồn tại, không ghi là link hỏng. Có 3 ảnh ca theo chú thích, 2 ảnh minh họa trong nội dung, ảnh đại diện và chân dung kiểm duyệt; chưa có video/iframe trong article. Ảnh ngoài vùng nhìn dùng tải trì hoãn nên complete=false không đủ kết luận ảnh hỏng. GIỚI HẠN: chưa xác nhận HTTP status/X-Robots-Tag qua header, chưa URL Inspection GSC/kiểm tra index thực tế; truy vấn HTTP trực tiếp từ môi trường kiểm tra bị từ chối kết nối trong khi trình duyệt mở bài được. Xem đầu trang trên trình duyệt máy tính, ảnh chụp khoảng 1265×712; chưa QA toàn trang desktop/mobile, chưa đo tốc độ, chưa thử gọi/Zalo/form hay video. Không nghiệm thu kỹ thuật toàn site. DANH MỤC BẢO TOÀN TRƯỚC/S AU (vị trí sau là ĐỀ XUẤT, không phải đã sửa): BT01 | Giá 04/09/2026: dưới 1 m³ tối thiểu từ 900.000đ; 1–3 m³ 700–950 nghìn/m³; >3–6 600–700 nghìn; >6–10 550–600 nghìn; >10 khảo sát. Tính bậc cho toàn lượng, không lũy tiến | trước: bảng giá | nguồn: bài live + /bang-gia/, ngày áp dụng đã ghi | Hà Nội theo điều kiện | sau: N9 H2 2 | đối chiếu giá khớp, giữ số và ý. BT02 | Kính mức đầu/cuối, vạch 0,5/1 m³ tùy xe, nước sục rửa, khoán theo bể/xe; không lấy thiết kế làm lượng thực tế | trước: #khoi-luong, #do-luong-thuc-te | nguồn: Nguyễn Minh Khôi được ghi đã cung cấp/kiểm chứng trên live; ngày xác nhận riêng chưa nêu | sau: H2 2/6 | bảo toàn, chỉ bổ sung phần nhiều lượt có nguồn. BT03 | 30 m ống đầu miễn phí; từ mét 31 tham khảo 30–50 nghìn/m; sau 22h 200–300 nghìn/ca; mỡ 300–500 nghìn/bể; Văn Quán dò 200 nghìn + mở/hoàn thiện 150 nghìn; ví dụ tổng 2.550.000–2.925.000đ ghi minh họa, chưa thuế/hạng mục khác | trước: #phu-phi-ha-noi/#tong-chi-phi | nguồn: Khôi ghi trên live; ngày xác nhận riêng chưa nêu | sau: H2 2 | giữ điều kiện và nhãn ví dụ. BT04 | Ba ca live Khôi đã kiểm chứng: Văn Chương, Đống Đa giữa 8/2026, xe 2 m³/80 m/1,5 m³; Trần Thái Tông, Cầu Giấy 23h30 trong 9/2026/4 m³; Văn Quán, Hà Đông đầu 10/2026, xe 10 m³/8 m³/ống 110 mm/mở ô gạch và hoàn thiện | trước: #ca-thuc-te-ha-noi và 3 ảnh ca | nguồn: Khôi theo xác nhận công khai; ngày xác nhận riêng chưa nêu, không lấy ngày đọc làm ngày xác nhận | sau: H2 5 | giữ nguyên hiện trạng–phương án–kết quả có giới hạn; hồ sơ Sheet chưa phản ánh, không đổi thành chưa xác minh. BT05 | Trực chốt phân tán/điều phối tập trung; 14 khu vực Ba Đình, Đống Đa, Hoàn Kiếm, Hai Bà Trưng, Cầu Giấy, Thanh Xuân, Tây Hồ, Hoàng Mai, Long Biên, Hà Đông, Thanh Trì, Gia Lâm, Hoài Đức, Đông Anh; xe 1–2 m³ bố trí trung tâm Đống Đa/Ba Đình/Hoàn Kiếm; xe 3–10 m³ theo Vành đai 2/3, hướng Hà Đông/Long Biên; tiếp nhận 24/7, tài xế gọi lại khoảng 3 phút, khung 15–30 phút có điều kiện và giấy phép ban ngày/đêm | trước: #dieu-phoi-ha-noi | nguồn: Khôi được ghi xác nhận thực tế, ngày riêng chưa nêu | sau: H2 4 | giữ đủ địa điểm, loại xe, điều kiện; không đổi thành chi nhánh pháp lý. BT06 | Bảo hành hút tối đa 12 tháng theo phiếu, hút sót/loại trừ nứt thấm, hẹn lịch 24h; hotline/Zalo 0943.789.121; 30 URL tra cứu và phân biệt vùng nhận việc với link | trước: #ho-tro-sau-thi-cong/#dia-ban/CTA | nguồn: live + chính sách công khai tháng 6/2026; không suy thêm ngày duyệt | sau: H2 7/8/CTA | giữ đầy đủ. BT07 | “4.9/5 - (7 bình chọn)” cuối bài là số bình chọn hiển thị; không thấy lời đánh giá khách có tên/nguồn trong nội dung chính | nguồn: quan sát trực tiếp 15/10 | giữ bản ghi, không biến thành 7 khách đã xác minh hay thêm rating schema. Nếu có đánh giá chủ máy duyệt ở nguồn khác, tiếp nhận và giữ đúng lời/nguồn/phạm vi. Bản đầu vào Sheet được lưu trong hồ sơ cục bộ sheet_review/HN-001-audit-2026-10-15/sheet-before.json; hồ sơ nghiên cứu chứa bản chép hiện trạng, heading và danh mục bảo vệ. Chưa có bản sau sửa vì nhiệm vụ chỉ brief. MA TRẬN NHU CẦU → VIỆC CẢI THIỆN: - Giá/tổng tiền | #1/#2/#4/#5 nhiều bảng; #3 bảng ảnh, phạm vi tính chưa đồng đều | HN-001 đã có bậc, tối thiểu, ví dụ và phụ phí | GIỮ số liệu, GỘP cụm giá, làm rõ khoản gồm/chưa gồm và thuế | H2 2, Đăng, đối chiếu bảng gốc và phép tính đúng. - Xác nhận m³/khoán | #2/#5 nói khách kiểm tra thông số nhưng ít minh chứng đo cụ thể; #1/#4 đơn vị bảng khó so; #3 không hướng dẫn đo | HN-001 có đầu/cuối và nước sục rửa | VIẾT SÂU cách nhiều lượt và bổ sung ảnh/phiếu khi có quyền | Khôi nguồn, Đăng viết, Tân tư liệu; H2 2/6, không cộng trùng, không dùng áp lực/dung tích xe. - Ngõ/tiếp cận | #1/#2/#4/#5 có xe/ống/phương pháp, một số lời hứa rộng; #3 thiếu thao tác chuẩn bị | HN-001 đã có ba loại công trình và ca 80 m | GIỮ khảo sát có điều kiện, thêm bảng thông tin gửi và phương án theo giới hạn thật | H2 3/4; nguồn vận hành, đạt khi không suy mọi ngõ làm được. - Kết quả/bảo hành | cả 5 có quy trình hoặc cam kết; #5 có case, hồ sơ đo không đi kèm; #3 có phiếu/nhưng tiêu chí ít chi tiết | HN-001 đã có mẫu phiếu/loại trừ | GIỮ và nối dữ kiện từng ca với phép kiểm tra, ghi nhánh còn lỗi | H2 5–7, Khôi/Đăng/Tân; ảnh phải khớp và phân biệt lượng với kết quả xả. - Sau thu gom | #1 có quy trình vận chuyển/xử lý, #4 FAQ có đề cập; #2/#3/#5 chưa cho hồ sơ xử lý gắn ca trong phần đọc | HN-001 chưa giải thích nơi nhận/chứng từ | THU THẬP nguồn rồi bổ sung ngắn theo phạm vi thật | H2 6; không biến nhận định đối thủ thành giấy phép của mình. - Địa bàn | các đối thủ có danh sách vùng/chi nhánh; Toàn Việt có 30 link và danh sách nhận việc có điều kiện | GIỮ hub hướng dẫn, không sao chép bảng phường quận và không gọi vùng phục vụ là chi nhánh | H2 8; Phường xã cũ là dữ liệu có mốc, không phải phạm vi dịch vụ tự động. ĐẦU VIỆC CỤ THỂ (người viết: Đăng; nguồn: Khôi; Tân làm tư liệu sau bàn giao; hạn chưa ấn định; chưa tự đổi trạng thái): P1-01 | Hồ sơ/J9/VH so với live: ba ca J9 là minh họa, slot chờ dữ liệu nhưng live có 3 ca khác, đo/phụ phí/điều phối ghi Khôi xác nhận. Lập bảng chênh lệch cho quản lý đối chiếu nguồn đã có và gắn mã gốc/quyền tư liệu. Không xóa/đổi J9, không hạ nhãn dữ kiện live, không tự sửa tab khác. Lý do: ngăn dùng nhầm ca và nghiệm thu sai. Đạt khi quản lý quyết định trên nguồn; chưa coi website sai vì Sheet cũ. P2-01 | Luồng đầu bài: phân loại hút/thông đang sau nhiều mục giá/case; ảnh hero chiếm phần lớn khung nhìn đầu. Đề xuất trả lời nhanh, link phân loại/giá/phạm vi và rút phần trình bày hero nếu được duyệt. Lý do: tìm câu trả lời/đặt dịch vụ nhanh; tác động chuyển đổi chưa đo. Đạt khi kiểm tra được trên desktop và mobile sau triển khai. P2-02 | 5 H2 liên tiếp về giá/khối lượng: gộp cụm ở N9, giữ bảng, phương pháp, phụ phí và ví dụ; FAQ dùng đáp ngắn dẫn neo. Lý do: giảm lặp giữa giá–tổng tiền–mẫu phiếu–FAQ. Không có lỗi câu hỏng rõ trong nội dung chính đã đọc; không quy lỗi plugin/tác giả hoặc sửa đại trà chỉ vì giống H2. P2-03 | #do-luong-thuc-te/#quy-trinh: bổ sung cách ghi xe nhiều lượt, cộng tổng, nước sục rửa và ảnh chỉ thị mức đầu/cuối trên cùng xe. Cần Khôi mô tả phương pháp thực tế và phiếu được công khai. Lý do: khách tự đối chiếu thay vì chỉ nghe cam kết; không lấy sức chứa bồn làm số m³. P2-04 | #phu-phi-ha-noi: giờ hành chính 7–18h và phí sau 22h đã có; khoảng 18–22h chưa giải thích, thuế và phí khảo sát chưa nêu rõ tại bài (trang giá ghi khảo sát miễn phí). Thu nguồn vận hành cho ngoại lệ, khoản đã gồm, nước sục rửa, VAT/chứng từ; giữ giá cũ trong lúc chờ, không suy không phí/thuế đã gồm. Đạt khi có câu trả lời và phạm vi áp dụng, khớp trang giá. P2-05 | Ca Trần Thái Tông: 4 m³ là lượng được công khai, cách mở nắp/rọi đèn mô tả kiểm tra tình trạng, chưa nói phương pháp đối chiếu số 4 m³. Bổ sung từ hồ sơ Khôi; giữ số đã xác nhận, không dùng quan sát hố ga thay đo thể tích. Đạt khi tách rõ phép xác nhận lượng và nghiệm thu kết quả. P2-06 | 3 ca/ảnh: lập liên kết tư liệu gốc và quyền dùng, phiếu che dữ liệu nếu có; Tân nhận mã ca/ảnh/đoạn cần chứng minh/vị trí đặt, bổ sung video khi đủ nguồn. Live đã có ba ảnh với chú thích, không giao như thể chưa có ảnh. Chưa thấy video nhúng, chưa kiểm chứng quyền dùng từ hồ sơ Sheet. Đạt khi ảnh khớp ca, không ảnh AI/công trình khác làm bằng chứng; thiếu tư liệu vẫn giữ phần hồ sơ mở. P2-07 | #quy-trinh: bổ sung phần sau thu gom từ hồ sơ vận hành, gồm bên vận chuyển/nơi tiếp nhận/chứng từ có thể công khai. Lý do: nhu cầu trách nhiệm sau thi công được đối thủ đề cập nhưng bài mình chưa trả lời. Chưa có nguồn thì chưa xuất bản lời khẳng định đạt chuẩn/giấy phép. P2-08 | #dia-ban và đối chiếu O9: giữ 30 link/địa điểm đã duyệt, bổ sung mô tả chọn Ba Đình/bể chung, Hoàn Kiếm/tiếp cận phố cổ, Tây Hồ/từng ngăn–tuyến; không chép lại case hoặc đổi địa danh. Đạt khi hub hướng dẫn chung, bài quận giữ giá trị riêng; đối chiếu mới chỉ 3 bài O9, không kết luận toàn bộ 93 URL hay cannibalization. P2-09 | Metadata và FAQ: title/meta hiện đúng chủ đề, không cần thay chỉ để “tối ưu”; dùng phương án N9 nếu duyệt hướng mới. FAQ schema sau biên tập phải khớp phần hiển thị; bảo toàn số liệu và điều kiện, không tạo đánh giá/rich result giả. Đạt bằng đọc lại live và kiểm tra riêng JSON, không chỉ nhìn editor. P3-01 | Đo lường: lấy GSC đúng URL, kỳ 28 ngày đầy đủ gần nhất và kỳ trước, Web; ghi bộ lọc quốc gia/thiết bị thực dùng, nhóm truy vấn giá/ngõ/hút hay thông/địa bàn. Sau sửa so kỳ đủ dữ liệu tương đương, không gộp trước/sau ngày sửa thành kết quả. Chưa có dữ liệu thì không gán số hoặc khẳng định tăng hạng. P3-02 | SERP bổ sung: chạy lại từ Hà Nội khi có điều kiện, lưu giờ/thiết bị/vị trí và Top 5 mới riêng; không thay thứ tự quan sát phiên IP Cần Thơ hoặc gọi đó là local rank Hà Nội. NGHIỆM THU: D01 đã có đọc toàn bài + metadata/heading + lỗi/khoảng trống + danh mục bảo toàn, technical chỉ phần quan sát. D02 đã quan sát/đọc 5/5 và 3 bài nội bộ, có nguồn/ma trận/brief; thiếu GSC/cuộc gọi được ghi rõ. Nghiệm thu triển khai vẫn cần nguồn hồ sơ tương ứng, bảo toàn trước/sau, tư liệu thật, URL public desktop/mobile và người có thẩm quyền; lần này không tick hoặc đổi trạng thái. | AC9: Chưa có3case xác minh; chờ Khôi bổ sung hồ sơ. Bổ sung 15/10/2026: 1. CHÊNH LỆCH HỒ SƠ, KHÔNG PHẢI KẾT LUẬN CA LIVE GIẢ: J9 có Chùa Bộc/Văn Quán nhà liền kề/Lạc Long Quân, đều nhãn minh họa; Hồ sơ case HN-001-C1/C2/C3 chờ Khôi, chưa mã gốc/tư liệu/xác nhận/quyền công khai. Live lại có Văn Chương/Trần Thái Tông/Văn Quán chung cư mini, ghi Khôi đã cung cấp và kiểm chứng, đã có 3 ảnh chú thích. Giữ nguyên J9 và các dữ kiện Khôi xác nhận; quản lý đối chiếu hồ sơ đã có, quyết định cập nhật các tab trong công việc riêng. Không dùng ba minh họa thay ca thật, không đánh dấu đủ ba hồ sơ trong Sheet. 2. VH-01…VH-15 vẫn chờ nguồn nhưng live đã ghi xác nhận Khôi cho đo lượng/phụ phí/điều phối, có khu vực bố trí xe và khung gọi lại 3 phút/15–30 phút có điều kiện. Cần dẫn nguồn xác nhận đã có vào hồ sơ quản lý; không bắt xác minh lại hoặc gỡ lời đã duyệt chỉ vì thiếu bản sao. Ngày xác nhận riêng chưa ghi, không tự lấy 15/10 làm ngày xác nhận. 3. Phần mới/chưa nêu đủ để viết sâu: phương pháp ghi từng lượt/nước sục rửa, phương pháp xác nhận 4 m³ ca Trần Thái Tông, áp dụng phụ phí 18–22h, thuế/khoản gồm/chưa gồm, hồ sơ vận chuyển–tiếp nhận chất thải. Khôi hoặc vận hành cung cấp; chỉ ảnh hưởng mục phụ thuộc, không chặn brief phần có nguồn. Bảng giá 04/09/2026 và bảo hành hiện đã đối chiếu khớp trang gốc, không tạo vướng mắc giá/bảo hành mới. 4. Ảnh ca đang hiển thị nhưng nguồn gốc/quyền công khai và phiếu che dữ liệu chưa có trong những tab đã đọc; chưa thấy video nhúng trong article. Cần liên kết tư liệu gốc để Tân nhận đúng ca và nghiệm thu media, không suy ảnh hỏng từ lazy-load, không tự thay ảnh đã duyệt. 5. GSC Wizard báo payment_required (hết trial/không có gói); chưa đọc được property/dữ liệu. Chưa tiếp cận cuộc gọi/tin nhắn Hà Nội. Không có volume/clicks/CTR để dùng; không suy doanh nghiệp không có quyền GSC. Cần người có quyền cung cấp báo cáo đúng URL/kỳ/bộ lọc nếu muốn nghiệm thu theo hiệu quả SEO. 6. Top 5 đã đọc đủ trong bối cảnh Google IP Cần Thơ; chưa có quan sát vị trí Hà Nội. Đây là giới hạn phạm vi, không phải thiếu đọc 5 trang. HTTP header/index GSC, QA toàn trang desktop/mobile, tốc độ và click CTA chưa được xác minh; không đánh dấu QA đạt. Đối chiếu nội bộ giới hạn 3 URL ở O9 và hai trang chính sách, chưa audit toàn bộ 93 URL. 7. Chưa có người nghiệm thu/hạn trong dòng đầu vào; không tự ấn định. Không yêu cầu quyền sửa WordPress vì lần này chỉ nghiên cứu/brief. | AD9: Chưa xác định | AE9: 15/10/2026 — URL HN-001 thực tế đã đọc toàn bộ nội dung chính bằng trình duyệt: https://dichvuhuthamcau.vn/hut-be-phot-tai-ha-noi/ Đọc từ mở bài đến CTA/FAQ, kiểm kê title/meta/H1/H2/H3, bảng, ca/ảnh/điều phối, link và JSON-LD. Công cụ web mở URL lỗi nhưng trình duyệt đọc thành công; không dùng lỗi công cụ để kết luận website lỗi. 5 organic đã quan sát đúng thứ tự cho “hút bể phốt Hà Nội”, cùng ngày (bối cảnh L9): 1. https://thongtacconghanoi.net/hut-be-phot-gia-re-2/ — đọc đủ nội dung chính + FAQ. 2. https://moitruongminhtam.vn/hut-be-phot-tai-ha-noi-2639.html — đọc đủ nội dung chính. 3. https://thanglongenvico.com/hut-be-phot-ha-noi/ — đọc đủ nội dung chính; xem ảnh bảng giá nhúng: https://thanglongenvico.com/hut-be-phot-ha-noi/wp-content/uploads/2024/12/bang-gia-hut-ham-cau-530x1024-2.png 4. https://kienmoitruong.com/ — đọc đủ nội dung chính + FAQ. 5. https://kienvesinh.com/ — đọc đủ nội dung chính, case + FAQ; trình duyệt đọc thành công dù công cụ web lỗi. Nội bộ O9, cùng ngày, đọc đủ nội dung chính: https://dichvuhuthamcau.vn/hut-be-phot-tai-ba-dinh/ https://dichvuhuthamcau.vn/hut-be-phot-tai-hoan-kiem/ https://dichvuhuthamcau.vn/hut-be-phot-tai-tay-ho/ Nguồn hỗ trợ đã đọc cùng ngày: https://dichvuhuthamcau.vn/bang-gia/ — đọc phần giá hút, điều kiện áp dụng, bảo hành và FAQ đang mở; không khẳng định đã mở mọi accordion. https://dichvuhuthamcau.vn/chinh-sach-bao-hanh/ — đọc nội dung chính. https://dichvuhuthamcau.vn/robots.txt — đọc văn bản quy tắc. Không đưa các URL khác trong 30 link điều hướng vào danh sách đã đọc. Ngày đọc không phải ngày doanh nghiệp xác nhận. Đây là kiểm tra trước lập brief; không có sửa website trong phiên. | AF9: =IF(AND(A9=TRUE,Y9="Đủ bước, chờ nghiệm thu"),1,0) -> 0
A10: FALSE | B10: HN-002 | C10: Ba Đình | D10: Hút bể phốt | E10: Đăng | F10: Đang làm | G10: Hà Nội trước | J10: https://dichvuhuthamcau.vn/hut-be-phot-tai-ba-dinh/ | K10: CA 1: - Khu vực thi công: Phố Đội Cấn, Quận Ba Đình, Hà Nội - Thời điểm: Sáng ngày 14/10/2023 - Công trình: Nhà ở tập thể cũ - Hiện trạng: Bể phốt lâu năm chưa hút, hệ thống thoát nước tầng trệt bị tắc nghẽn cục bộ, nước thải bốc mùi khó chịu ảnh hưởng đến sinh hoạt chung. - Khó khăn: Ngõ vào tập thể nhỏ hẹp, xe hút chuyên dụng lớn không thể tiếp cận trực tiếp, đường ống thoát nước ngầm bị bám cặn lâu ngày rất cứng. - Cách xử lý: Sử dụng hệ thống ống nối mềm dài kết hợp xe bồn đỗ ngoài mặt phố lớn, dùng máy lò xo công suất cao đánh tan cặn bám trước khi tiến hành hút sạch toàn bộ chất thải. - Kết quả: Hút sạch hoàn toàn triệt để, hệ thống thông thoát nhanh chóng, trả lại không gian sạch sẽ, không mùi hôi. - Ảnh/video/phiếu nghiệm thu: (Ca minh họa - Hồ sơ nội bộ MTX Toàn Việt) - Người xác nhận thông tin: (Ca minh họa - Hồ sơ nội bộ MTX Toàn Việt) CA 2: - Khu vực thi công: Phố Kim Mã, Quận Ba Đình, Hà Nội - Thời điểm: Chiều ngày 22/11/2023 - Công trình: Cửa hàng kinh doanh ăn uống - Hiện trạng: Bể phốt bị đầy tràn do lượng mỡ thừa tích tụ lâu ngày kết hợp với chất thải sinh hoạt, gây nghẹt bồn cầu và khu vực vệ sinh khách hàng. - Khó khăn: Thời gian thi công gấp do quán chuẩn bị mở cửa đón khách, lớp mỡ bám đặc quánh thành mảng lớn trong thành bể khó làm sạch bằng phương pháp thông thường. - Cách xử lý: Đưa máy hút chân không lực hút mạnh kết hợp dung dịch vi sinh chuyên dụng làm mềm và phân hủy lớp mỡ bám, sau đó tiến hành hút sạch sẽ toàn bộ tạp chất. - Kết quả: Hoàn thành trước thời hạn cam kết, hệ thống vệ sinh hoạt động ổn định trở lại, không ảnh hưởng đến việc kinh doanh của cửa hàng. - Ảnh/video/phiếu nghiệm thu: (Ca minh họa - Hồ sơ nội bộ MTX Toàn Việt) - Người xác nhận thông tin: (Ca minh họa - Hồ sơ nội bộ MTX Toàn Việt) CA 3: - Khu vực thi công: Phố Quán Thánh, Quận Ba Đình, Hà Nội - Thời điểm: Đêm ngày 05/12/2023 - Công trình: Biệt thự gia đình - Hiện trạng: Bể phốt ngầm nằm sâu trong sân vườn phát ra tiếng kêu ục ục và có hiện tượng rò rỉ nước thải nhẹ quanh nắp đậy. - Khó khăn: Vị trí nắp bể phốt bị che khuất bởi tiểu cảnh sân vườn và lát đá thẩm mỹ, đòi hỏi quá trình tìm kiếm và thi công phải cực kỳ cẩn trọng để không làm hỏng cảnh quan. - Cách xử lý: Sử dụng thiết bị dò tìm vị trí chuyên dụng để xác định chính xác tâm bể, tiến hành mở nắp kỹ thuật hạn chế tối đa diện tích đục phá, thực hiện hút sạch và kiểm tra lại gioăng chống thấm. - Kết quả: Xử lý triệt để tình trạng đầy bể và rò rỉ, giữ gìn nguyên vẹn cảnh quan sân vườn ban đầu của gia chủ. - Ảnh/video/phiếu nghiệm thu: (Ca minh họa - Hồ sơ nội bộ MTX Toàn Việt) - Người xác nhận thông tin: (Ca minh họa - Hồ sơ nội bộ MTX Toàn Việt) | L10: Giao dịch địa phương + so sánh trước khi gọi hút bể phốt tại Ba Đình. Nhu cầu chính: xác định có cần hút bể hay xử lý nhánh tắc, tìm đơn vị nhận đúng địa chỉ và biết tổng tiền. Nhu cầu phụ: xe/ống có tiếp cận được, cần mở nắp gì, giờ làm, cách kiểm lượng, thử xả và bảo hành. Trước đặt dịch vụ phải rõ phạm vi, tính m³ hay khoán, khoản ngoài gói do ai duyệt và kết quả bàn giao. Đây là intent suy từ truy vấn/SERP, chưa có số liệu GSC hoặc tần suất cuộc gọi. | M10: NGHIÊN CỨU 16/10/2026 — HN-002 Google: truy vấn "hút bể phốt Ba Đình", desktop, hl=vi, gl=vn, pws=0; chân trang Google xác định IP Cái Răng, Cần Thơ. Đây là thứ tự quan sát trong phiên này, không đại diện thứ hạng tại Hà Nội. Không tính quảng cáo, Maps/Local Pack, AI Overview/video. Quan sát 5/5 organic; đọc nội dung 5/5 (các mục chính; bảng ảnh nếu chưa đọc số được ghi riêng). #1 https://alothongtac.com/hut-be-phot-tai-ba-dinh/ Alo: H2 hạ tầng/ngõ, dấu hiệu, giá m³/khoán, quy trình, phường, chống gian lận; trả lời tiếp cận và báo giá, thiếu cách đo đầu/cuối và hồ sơ ca có ngày; ISO/100% mới là tuyên bố website. #2 https://hutbephotvietphat.vn/hut-be-phot-tai-ba-dinh-bid4116.html → URL cuối: https://hutbephotvietphat.vn/hut-be-phot-tai-ba-dinh-bid4116.html?kt=1 Việt Phát: giá cơ quan, bảo trì, nhóm công trình/quy trình; tiêu đề 100k/xe và các bảng khác đơn vị/phạm vi, chưa giải thích đủ; nhiều H1, thiếu đo thực tế và case. #3 https://hutbephotbaominh.com/hut-be-phot-tai-ba-dinh/ Bảo Minh: dấu hiệu/chọn nhà cung cấp/giá/quy trình/FAQ; có mức tối thiểu và bậc giá, nhưng 'tỉnh Ba Đình', thời gian 10–15/30 phút không nhất quán, chưa có hồ sơ ca và kiểm lượng. #4 https://dichvumoitruongxanh.com/hut-be-phot-tai-ba-dinh/ Môi Trường Xanh: bảo trì/thiết bị/giá/quy trình; có hai giai đoạn hút–rửa và giá400k/m³, thiếu nước thêm vào tính thế nào, phụ phí ngõ và điều kiện bảo hành/case. #5 https://tanphatenvico.com/hut-be-phot-co-quan-nha-nuoc-tai-ba-dinh-uy-tin-co-hoa-don-do/ Tấn Phát: intent hẹp cơ quan nhà nước; mạnh người duyệt, giấy tờ, bảo vệ và lịch làm; sáu ca X/Y/Z thiếu ngày/phiếu đối chiếu. Không lấy tuyên bố 100% hoặc nội dung pháp lý làm dữ kiện Toàn Việt. BÀI MÌNH: https://dichvuhuthamcau.vn/hut-be-phot-tai-ba-dinh/ — đã đọc live toàn bộ nội dung chính, title, meta, H1/H2/H3, giá, phương án, ca, FAQ, CTA và liên kết ngày16/10/2026. Quan sát chắc: Đầu bài lặp 'Hút bể phốt…' trong khối giới thiệu; hai H2 giá nối nhau. Gộp thông điệp đặt lịch và bảng giá cho dễ tìm, giữ hướng dẫn mức đầu/cuối và phiếu. J10 là bộ ca minh họa 2023 khác bộ live Giảng Võ/Đội Cấn/Ngọc Hà 7–9/2026; cần lập đối chiếu, không thay bộ đã xuất bản bằng J. Cần bảo toàn: 112 Kim Mã; ba ca live 3,8/2,2/2,8 m³ và giới hạn kết quả tại bàn giao; ảnh minh họa được ghi rõ; chính sách tối đa 12 tháng theo phiếu. NỘI BỘ — đối chiếu bổ sung 16/10/2026: đã đọc đầy đủ nội dung chính của cả 3 URL gốc O10: - https://dichvuhuthamcau.vn/hut-be-phot-tai-ha-noi/ - https://dichvuhuthamcau.vn/thong-tac-cong-tai-ba-dinh/ - https://dichvuhuthamcau.vn/thong-tac-bon-cau-tai-ba-dinh/ Đã đọc thêm bảng giá và chính sách bảo hành chính thức. Quan sát trực tiếp: Bài bồn cầu Kim Mã/Đội Cấn/Quán Thánh đang ghi minh họa nguồn J72; phần tháo bồn và lấy dị vật thuộc bài bồn cầu. Bài hút giữ bể chung Giảng Võ, tuyến ống ngõ Đội Cấn và lượng từng xe. Kiểm tra đoạn dài từ 90 ký tự trở lên: có 3 đoạn của bài hiện tại xuất hiện nguyên văn ở ít nhất một bài O (đếm mỗi đoạn một lần, không phải % trùng toàn bài). Ví dụ phần giá/bảo hành/điều phối dùng chung; các mô-típ mở bài 'nên bắt đầu bằng việc mô tả đúng biểu hiện' và khối chuẩn bị địa chỉ giống về ý. Chỉ thay tên hoặc từ đồng nghĩa không giải quyết trùng ý. Đây là nhận định biên tập, không là kết luận Google phạt trùng lặp. Phân vai: chính sách thật về bảng giá, phiếu, hotline và điều kiện bảo hành được phép nhất quán; hub giải thích chính sách và lựa chọn dịch vụ; bài địa bàn bổ sung khảo sát tiếp cận, hệ thống thực tế và hồ sơ đúng ca. Bài Ba Đình phải làm sâu: Chuẩn bị bể chung ở Giảng Võ và tuyến ống qua ngõ Đội Cấn. Không nhập ca của dịch vụ khác, không coi tên quận/phường là bằng chứng có trạm trực. NGUỒN DOANH NGHIỆP: J10 và Hồ sơ case đúng mã đã đọc, giữ nguyên nhãn minh họa/chờ xác nhận; chưa tiếp cận tệp gốc ảnh/video/phiếu. Nhãn Khôi xác nhận trên live giữ nguyên; tình trạng hồ sơ Sheet chưa đầy đủ không phủ nhận dữ kiện đã được chủ máy duyệt. Phạm vi điều phối B9:O23 được đối chiếu; phần chưa có xác nhận không tự tạo điểm xe hoặc thời gian đến. Phường xã cũ: dùng mốc lịch sử30/06/2025, không cộng526+78 thành604 đơn vị đồng thời; chưa đối chiếu toàn bộ từng địa danh với nguồn nhà nước trong lượt này. MỨC CHẮC CHẮN: cấu trúc/lỗi/câu đã đăng là quan sát trực tiếp, cao. Intent và hướng M là suy luận biên tập, cần kiểm chứng bằng truy vấn/cuộc gọi. Khoảng trống đối thủ nêu trên dựa trên5URL đã đọc, không là bằng chứng khách hàng Toàn Việt. GSC: connector báo payment_required (trial hết/gói chưa hoạt động); chưa lấy được dữ liệu đúng URL, kỳ đo/bộ lọc chưa áp dụng; không có volume, clicks, impressions, CTR hay thứ hạng GSC. Chưa đọc log cuộc gọi/tin nhắn hoặc khảo sát khách hàng; không tạo tần suất. MA TRẬN CHỦ ĐỀ → HÀNH ĐỘNG (đề xuất, chưa sửa website): 1) Chọn đúng dịch vụ: đối thủ #1–#5 trả lời nguyên nhân/dấu hiệu ở mức khác nhau như ghi trên; không dùng một biểu hiện làm chẩn đoán. Bài mình đã có phân loại, cần làm sâu 'Chuẩn bị bể chung ở Giảng Võ và tuyến ống qua ngõ Đội Cấn'. Bổ sung câu hỏi và ranh giới riêng/chung trong H2 đầu + H2 trọng tâm N; căn cứ nguồn live/I và 3URL O, khảo sát thực tế khi chưa rõ. 2) Giá/tổng tiền: phần đã có hoặc thiếu đơn vị ở từng đối thủ xem #1–#5. Bài mình giữ bảng m³/khoán, mức tối thiểu và cách đọc mức đầu/cuối do Khôi nêu; gộp bảng lặp, nêu phần trong gói, ngoài gói và người duyệt trong N/AA; nghiệm thu bằng báo giá/phiếu đúng hạng mục, không mượn giá đối thủ. 3) Thiết bị/kết quả: đối thủ có nhiều lời hứa không đục phá, đến nhanh hoặc % sạch; chỗ có phép thử/camera đã ghi riêng. Bài mình giữ quy trình thật nhưng thêm điều kiện chọn máy/xe và giới hạn kết cấu; ghi lượng thực tế, nước thêm và từng chuyến, thử nhánh liên quan. Hồ sơ cần báo giá, ảnh trước–sau và biên nhận; chỉ dùng thông số máy đang có nguồn. 4) Bằng chứng/địa bàn: case/điểm trực của đối thủ là tuyên bố trên website, chưa kiểm chứng độc lập. Bài mình có dữ kiện đã duyệt phải giữ: 112 Kim Mã; ba ca live 3,8/2,2/2,8 m³ và giới hạn kết quả tại bàn giao; ảnh minh họa được ghi rõ; chính sách tối đa 12 tháng theo phiếu. Nêu nhãn minh họa/doanh nghiệp xác nhận, nối phiếu/ảnh/người duyệt; bài địa bàn dùng điều kiện tiếp cận cụ thể, hub dẫn tới địa bàn. Các khoảng thiếu còn lại tại AB; không ghi nghiệm thu D01/D02 tự động. | N10: TRỌNG TÂM ĐỀ XUẤT: Bể dùng chung khu tập thể và nhà ngõ sâu: ai duyệt, xe dừng đâu, ai chứng kiến lượng hút. Lý do: Bài live đã có Giảng Võ, Đội Cấn, Ngọc Hà và luồng bể chung cụ thể; Top 5 thường mạnh về giá/quảng cáo nhưng yếu ở vai trò người duyệt và số liệu nghiệm thu. Giá trị riêng cần làm thành bảng kiểm/phạm vi được duyệt: Phân vai người mở khu kỹ thuật, người duyệt chi phí và người ký; thống nhất ngừng xả, lối chung và từng lượt xe. Dữ liệu còn cần: hồ sơ gốc nối với từng ca, người duyệt, ảnh/video trước–sau, cách xác nhận lượng hút và từng chuyến xe; xác nhận chính xác điểm/giờ phục vụ khi có mâu thuẫn. Không dùng ca minh họa như công trình thật, không lấy năng lực hay chính sách đối thủ gán cho Toàn Việt. Giữ chính sách chung nhất quán, mở sâu phần khách cần kiểm chứng. | O10: DÀN Ý ĐỀ XUẤT SỬA BÀI16/10/2026 — đã đối chiếu Top5 đọc được; website CHƯA được sửa theo dàn ý. Mở bài/khối nhanh: dịch vụ đúng Ba Đình, biểu hiện cần mô tả, điều kiện nhận việc, CTA gọi/Zalo; tránh lặp từ khóa và hứa giờ đến tuyệt đối. H2: Khi nào cần hút bể, khi nào kiểm tra nhánh tắc trước — mục đích chọn đúng dịch vụ, không chẩn đoán chỉ từ mùi hoặc nước rút chậm. H3: Một điểm hay nhiều điểm cùng bất thường, lịch hút/thông trước, biểu hiện sau mưa và thiết bị còn dùng bình thường. H3: Phân bùn trong bể, ống nghẹt, đầu ra/ống khí và nghi rò kết cấu; hỏi dữ kiện rồi khảo sát. H3: Tạm ngừng xả ở điểm trào, gửi ảnh/mô tả; không tự xuống bể/ga, không trộn hóa chất. H2: Chuẩn bị bể chung ở Giảng Võ và tuyến ống qua ngõ Đội Cấn — mục đích xử lý quyết định riêng của bài. H3: Thông tin khảo sát và người phối hợp: Phân vai người mở khu kỹ thuật, người duyệt chi phí và người ký; thống nhất ngừng xả, lối chung và từng lượt xe. H3: Ghi phạm vi đã đồng ý, phần còn cần kiểm tra và điều kiện bàn giao; ví dụ chỉ dùng nguồn live đúng nhãn, không biến giả thuyết thành ca thật. H2: Giá hút bể: m³ thực tế hay khoán, khách duyệt khoản nào — mục đích dự toán đúng và kiểm soát phần phát sinh. H3: Một bảng giá hiện hành có ngày áp dụng, mức tối thiểu dưới1m³ và bậc1–3/>3–6/>6–10/>10; dẫn bảng giá chính thức. Dải1–10 chọn bậc theo tổng lượng thực tế, không tính lũy tiến; trên10 khảo sát. H3: Dung tích thiết kế, lượng ước tính và lượng lên xe khác nhau; khoán phải ghi phạm vi/giới hạn, không thu lại m³ cho phần đã khoán. H3: Ống xa, ca đêm, phá mỡ, dò/mở nắp/hoàn trả: tách khoản, điều kiện và người duyệt trước làm; số lịch sử của ca giữ đúng ngày, không tính lại bằng giá hôm nay. H2: Phương án xe, cửa thăm và từng ngăn theo hiện trạng — mục đích biết vì sao chọn phương án, phần nào nằm trong báo giá. H3: Xe nhỏ/lớn, điểm dừng và tuyến ống cần khảo sát thực địa; không suy mọi ngõ đều vào được. H3: Cửa thăm sẵn có, nắp bị che, bùn đặc và tuyến bếp: tách hạng mục, xin duyệt trước mở hoặc thông thêm. H3: Bảo vệ lối chung, sàn/tài sản và lịch ngừng xả; không hứa không đục phá trong mọi tình huống. H2: Xác nhận lượng hút và thử lại trước ký phiếu — mục đích biến cam kết thành bước khách chứng kiến. H3: Theo hướng dẫn Khôi tại hub Hà Nội: đọc mức đầu/cuối cùng xe qua kính/thang1hoặc0,5m³, ghi từng chuyến; thống nhất trước cách ghi nước sục rửa. Không dùng kích thước thiết kế hay ước lượng làm lượng thanh toán. H3: Kiểm tra từng ngăn/nhánh liên quan, nắp đã hoàn trả, phần còn tắc/rò phải ghi riêng. H3: Đối chiếu báo giá, tổng tiền, người ký và phiếu theo hạng mục; hút tối đa12tháng theo phiếu, tách lỗi thi công với nứt/rò/nước ngầm; hẹn kiểm tra theo chính sách, không hứa sửa xong trong24h. H2: Phạm vi triển khai và chuẩn bị địa chỉ Ba Đình — mục đích xác nhận nhận việc và khả năng tiếp cận. H3: Tên địa bàn cũ chỉ là tra cứu theo mốc30/06/2025; dùng địa chỉ hiện hành và ghim đúng cổng. H3: Người mở cửa thăm/ga, người duyệt chi phí, vị trí xe/máy và khung giờ có thể ngừng xả. H3: Điểm trực và ETA chỉ dùng thông tin đã được doanh nghiệp xác nhận; địa bàn ngoài phạm vi hub cần điều phối xác nhận riêng. H2: Ba ca/tình huống đang đăng và tư liệu kèm theo — mục đích chứng minh đúng phần việc, không thay bằng bộ J khác. H3: Ca 1: Khu tập thể Giảng Võ — 7/2026 — giữ nguồn/ngày/số liệu đã duyệt; liên kết hồ sơ, ảnh/video trước–sau và phiếu đúng ca. H3: Ca 2: Ngõ210 Đội Cấn — 8/2026 — giữ nguồn/ngày/số liệu đã duyệt; liên kết hồ sơ, ảnh/video trước–sau và phiếu đúng ca. H3: Ca 3: Gần chợ Ngọc Hà — 9/2026 — giữ nguồn/ngày/số liệu đã duyệt; liên kết hồ sơ, ảnh/video trước–sau và phiếu đúng ca. Hồ sơ case trên Sheet còn chờ tệp gốc/liên kết xác minh; nhãn doanh nghiệp hoặc Khôi đã xác nhận trên live vẫn phải bảo toàn. Không tự hạ/xóa dữ kiện đã duyệt. Ảnh minh họa phải ghi minh họa; ảnh công trình cần nguồn, người duyệt và caption đúng phần việc. Không dùng review sao/rating bài làm đánh giá khách thật. H2: Câu hỏi còn ảnh hưởng quyết định và đặt lịch — mục đích trả lời phần chưa rõ, tránh lặp thân bài. H3: Hút rồi vẫn thoát chậm thì kiểm tra phần nào? H3: Không biết vị trí nắp hoặc lượng bể thì chuẩn bị gì? H3: Giá đã gồm mở/hoàn trả và hạng mục ngoài gói chưa; phải có mặt hay cử người đại diện? H3: Đặt lịch qua0943.789.121/Zalo: gửi địa chỉ/ghim/ảnh, người phụ trách, giờ có thể ngừng xả và hóa chất đã dùng. Liên kết nội bộ đúng intent từ O; chính sách dài dẫn hub/bảng giá/bảo hành, không chép nguyên toàn bộ. BỐ TRÍ LIÊN KẾT NỘI BỘ ĐÃ ĐỐI CHIẾU16/10/2026: - https://dichvuhuthamcau.vn/hut-be-phot-tai-ha-noi/ — đặt ở phần chính sách giá/đo lượng hoặc điều phối tổng quan. - https://dichvuhuthamcau.vn/thong-tac-cong-tai-ba-dinh/ — đặt khi khảo sát cho thấy nhánh cống/ga cần thông riêng. - https://dichvuhuthamcau.vn/thong-tac-bon-cau-tai-ba-dinh/ — đặt khi điểm nghẹt nằm ở bồn/cổ bồn hoặc cần lấy dị vật, không mặc định phải tháo. Phần câu hỏi/tháo bồn chi tiết thuộc bài bồn cầu; trường hợp hỏng ống phải ghi giới hạn và xin duyệt hạng mục riêng. Đây là bố trí đề xuất cho bản sửa. | P10: https://dichvuhuthamcau.vn/hut-be-phot-tai-ha-noi/ https://dichvuhuthamcau.vn/thong-tac-cong-tai-ba-dinh/ https://dichvuhuthamcau.vn/thong-tac-bon-cau-tai-ba-dinh/ https://dichvuhuthamcau.vn/bang-gia/ https://dichvuhuthamcau.vn/chinh-sach-bao-hanh/ | Q10: FALSE | R10: FALSE | S10: =SUMIFS('Hồ sơ case'!$AE$9:$AE$287,'Hồ sơ case'!$B$9:$B$287,B10) -> 0 | T10: FALSE | U10: FALSE | V10: FALSE | W10: FALSE | X10: FALSE | Y10: =IF(AND(Q10=TRUE,R10=TRUE,S10=3,T10=TRUE,U10=TRUE,V10=TRUE,W10=TRUE,X10=TRUE,Z10<>"",AA10>0,AD10<>"Chưa xác định",AD10<>""),"Đủ bước, chờ nghiệm thu","Còn bước hoặc dữ liệu") -> Còn bước hoặc dữ liệu | AB10: D01–QA10. Đọc bài hiện tại, sửa câu lỗi. Làm rõ cần hút hay kiểm tra/thông, giá theo lượng/khoán và cách xác nhận. Bổ sung3case đúng địa bàn, bảng phường cũ, phạm vi và điều xe có nguồn. Thiết kế luồng riêng theo brief. BỔ SUNG16/10/2026 — HN-002: P1 — Lỗi tại vị trí quan sát: Đầu bài lặp 'Hút bể phốt…' trong khối giới thiệu; hai H2 giá nối nhau. Gộp thông điệp đặt lịch và bảng giá cho dễ tìm, giữ hướng dẫn mức đầu/cuối và phiếu. J10 là bộ ca minh họa 2023 khác bộ live Giảng Võ/Đội Cấn/Ngọc Hà 7–9/2026; cần lập đối chiếu, không thay bộ đã xuất bản bằng J. P1 — Giá và nghiệm thu: chỉ dùng lượng thực tế có cách đối chiếu khi tính m³; phân khoán/thiết kế/ước tính, ghi nước sục rửa và từng chuyến theo hướng dẫn Khôi ở hub, khoản phát sinh được duyệt trước. Không nghiệm thu bằng 'lượng dự kiến'. Lý do: khách cần đối chiếu tổng tiền và phần việc thực nhận. P1 — Bảo toàn dữ kiện: 112 Kim Mã; ba ca live 3,8/2,2/2,8 m³ và giới hạn kết quả tại bàn giao; ảnh minh họa được ghi rõ; chính sách tối đa 12 tháng theo phiếu. Lập bảng đối chiếu J/live/Hồ sơ case, giữ nguồn/ngày/nhãn từng bộ; ca minh họa không là công trình thật; thiếu tệp gốc không làm mất hiệu lực dữ kiện chủ máy đã duyệt. Khôi/đầu mối cung cấp ảnh/video/phiếu, phép đo và quyền dùng tư liệu còn thiếu. P2 — Cấu trúc: triển khai trọng tâm M và dàn ý N, viết lại câu sai tự nhiên thay vì đảo từ hoặc đổi địa danh. Lý do: phần đang lặp không giúp chốt dịch vụ. Giữ chính sách chung thật nhất quán; loại diễn đạt tuyệt đối/định lượng chỉ sau đối chiếu nguồn và duyệt chỉnh sửa. P2 — Metadata/CTA/liên kết: bám đúng dịch vụ và điểm quyết định riêng; giữ URL I, dùng một H1 rõ. Canonical live đã thấy tự trỏ đúng URL I; robots meta có index,follow (kiểm DOM16/10/2026), chưa kiểm HTTP/robots.txt/Google index thực. Không suy truy cập được thành HTTP200/indexed. Không hứa ETA tuyệt đối; giữ hotline/phiếu/chính sách. P2 — D02: đã đối chiếu 3 URL gốc O10 và nguồn chính sách; nghiên cứu đối thủ theo đúng 5 vị trí ghi L10 (5/5 đọc nội dung chính). Ma trận chủ đề→bài mình→hành động/nguồn/điều kiện kiểm tra nằm ở L; triển khai theo N, không sao chép bố cục hoặc cam kết của đối thủ. P3 — Sau sửa (ngoài phạm vi lượt này): kiểm lại trang live, lỗi câu/ảnh/caption/link, giá và thử nghiệm thu mô tả; kiểm địa danh đúng mốc và hồ sơ ba ca. Chỉ quản lý nghiệm thu khi D01/D02 và hồ sơ đủ; không tự tích checkbox. P2 — Phân vai nội bộ sau đọc O: Bài bồn cầu Kim Mã/Đội Cấn/Quán Thánh đang ghi minh họa nguồn J72; phần tháo bồn và lấy dị vật thuộc bài bồn cầu. Bài hút giữ bể chung Giảng Võ, tuyến ống ngõ Đội Cấn và lượng từng xe. Giữ thông tin chính sách dùng chung; rút đoạn lặp và dẫn đúng dịch vụ theo chẩn đoán khảo sát, không tự xóa/chuyển dữ kiện đã duyệt. Điều kiện kiểm tra: mọi URL O gốc còn nguyên, liên kết đặt ở đoạn giải thích đúng phạm vi; trọng tâm 'Chuẩn bị bể chung ở Giảng Võ và tuyến ống qua ngõ Đội Cấn' có đầu vào khảo sát và kết quả có thể đối chiếu. | AC10: Chưa có3case xác minh; chờ Khôi bổ sung hồ sơ. Đối chiếu16/10/2026: J và bộ ca live không đồng nhất; cần hồ sơ nối từng ca và người xác nhận trước chọn bộ cho bản sửa. Hồ sơ Sheet đang chờ không phải căn cứ phủ nhận dữ kiện Khôi đã duyệt trên live. GSC chưa lấy được do connector yêu cầu gói hoạt động; chưa có log cuộc gọi/tin nhắn/nguồn tần suất. Đây là giới hạn nguồn, không được tạo số liệu. Top5 đã đọc; các tuyên bố/số liệu của đối thủ chưa có hồ sơ gốc chỉ dùng đánh giá nội dung. Đã đọc đủ 3URL gốc O và đối chiếu phân vai/đoạn trùng ngày16/10/2026; phần này không còn là vướng mắc. Phần địa danh/điểm trực/kỹ thuật có nghi vấn cụ thể xem AA; chỉ xác minh phần thiếu hoặc mâu thuẫn, không đòi duyệt lại toàn bộ chính sách đã có nguồn. Chưa kiểm HTTP/robots.txt/index thực; không coi D01 kỹ thuật đã hoàn tất. | AD10: Chưa xác định | AE10: https://dichvuhuthamcau.vn/hut-be-phot-tai-ba-dinh/ —16/10/2026: đã đọc toàn bộ nội dung chính live +metadata/H1/H2/H3/FAQ/CTA/link; canonical/robots meta kiểm DOM; không sửa website. https://dichvuhuthamcau.vn/hut-be-phot-tai-ha-noi/ —16/10/2026: đã đọc nội dung chính, dùng phân vai/chính sách. https://dichvuhuthamcau.vn/thong-tac-cong-tai-ba-dinh/ —16/10/2026: đã đọc nội dung chính, dùng phân vai/chính sách. https://dichvuhuthamcau.vn/bang-gia/ —16/10/2026: đã đọc nội dung chính, dùng phân vai/chính sách. https://dichvuhuthamcau.vn/chinh-sach-bao-hanh/ —16/10/2026: đã đọc nội dung chính, dùng phân vai/chính sách. https://alothongtac.com/hut-be-phot-tai-ba-dinh/ —16/10/2026: đã đọc nội dung bài/H2/H3; https://hutbephotvietphat.vn/hut-be-phot-tai-ba-dinh-bid4116.html —16/10/2026: đã đọc nội dung bài/H2/H3; https://hutbephotbaominh.com/hut-be-phot-tai-ba-dinh/ —16/10/2026: đã đọc nội dung bài/H2/H3; https://dichvumoitruongxanh.com/hut-be-phot-tai-ba-dinh/ —16/10/2026: đã đọc nội dung bài/H2/H3; https://tanphatenvico.com/hut-be-phot-co-quan-nha-nuoc-tai-ba-dinh-uy-tin-co-hoa-don-do/ —16/10/2026: đã đọc nội dung bài/H2/H3; https://dichvuhuthamcau.vn/thong-tac-bon-cau-tai-ba-dinh/ —16/10/2026: đã đọc toàn bộ nội dung chính/H2/H3/giá/ca/FAQ để phân vai và đối chiếu đoạn trùng; không sửa bài tham khảo. https://hutbephotvietphat.vn/hut-be-phot-tai-ba-dinh-bid4116.html?kt=1 —16/10/2026: kiểm tra lại URL cuối và đọc nội dung bài, H1/H2/H3/giá/quy trình. | AF10: =IF(AND(A10=TRUE,Y10="Đủ bước, chờ nghiệm thu"),1,0) -> 0
A11: FALSE | B11: HN-003 | C11: Hoàn Kiếm | D11: Hút bể phốt | E11: Đăng | F11: Đang làm | G11: Hà Nội trước | J11: https://dichvuhuthamcau.vn/hut-be-phot-tai-hoan-kiem/ | K11: CA 1: - Khu vực thi công: Phố Hàng Bạc, phường Hàng Bạc, quận Hoàn Kiếm, Hà Nội - Thời điểm: Sáng ngày 14/10/2023 - Công trình: Nhà ở kết hợp kinh doanh mặt phố cổ diện tích nhỏ - Hiện trạng: Bể phốt lâu năm không nạo vét, nước thải thoát chậm, bốc mùi hôi thối ngược lên khu vực tầng trệt ảnh hưởng đến việc kinh doanh. - Khó khăn: Nằm trong ngõ sâu, đường phố chật hẹp, xe hút chuyên dụng cỡ lớn không thể tiếp cận trực tiếp mà phải đỗ ngoài phố lớn cách xa công trình hơn 80 mét. - Cách xử lý: Đội ngũ kỹ thuật MTX Toàn Việt khảo sát, sử dụng hệ thống ống dẫn mềm nối dài kết hợp xe hút áp lực cao chuyên dụng đỗ ở mặt phố lớn để tiến hành hút sạch bùn cặn tầng đáy. - Kết quả: Toàn bộ chất thải được xử lý triệt để, hệ thống thoát nước hoạt động trơn tru trở lại, không gian xung quanh được vệ sinh sạch sẽ, không gây ảnh hưởng đến giao thông chung. - Ảnh/video/phiếu nghiệm thu: (Đang cập nhật hình ảnh hiện trường, video quá trình thi công và phiếu nghiệm thu dịch vụ có chữ ký khách hàng theo quy định nội bộ) - Người xác nhận thông tin: Ông Nguyễn Văn Hùng (Chủ hộ kinh doanh tại địa chỉ) CA 2: - Khu vực thi công: Phố Đinh Liệt, phường Hàng Bạc, quận Hoàn Kiếm, Hà Nội - Thời điểm: Chiều ngày 22/11/2023 - Công trình: Khách sạn mini kết hợp nhà hàng ăn uống - Hiện trạng: Tắc nghẽn cục bộ đường ống thoát nước từ khu vực bếp và nhà vệ sinh tầng 1, nước thải trào ngược gây ngập sàn nhà hàng. - Khó khăn: Lượng mỡ thải tích tụ lâu ngày kết hợp với chất thải rắn tạo thành mảng bám cứng đầu; thời gian thi công bị giới hạn do nhà hàng chuẩn bị đón khách vào buổi tối. - Cách xử lý: MTX Toàn Việt huy động thiết bị lò xo thông tắc kết hợp máy hút chân không công suất cao để đánh tan mảng bám mỡ và hút sạch hoàn toàn bùn đáy bể phốt trong thời gian ngắn nhất. - Kết quả: Thông tắc hoàn toàn đường ống và bể phốt, trả lại môi trường sạch sẽ, kịp thời gian cho nhà hàng hoạt động mà không bị gián đoạn. - Ảnh/video/phiếu nghiệm thu: (Đang cập nhật hình ảnh hiện trường, video quá trình thi công và phiếu nghiệm thu dịch vụ có chữ ký khách hàng theo quy định nội bộ) - Người xác nhận thông tin: Bà Lê Thị Mai Phương (Quản lý vận hành cơ sở) CA 3: - Khu vực thi công: Phố Tạ Hiện, phường Hàng Buồm, quận Hoàn Kiếm, Hà Nội - Thời điểm: Đêm ngày 05/12/2023 - Công trình: Hộ gia đình nhiều thế hệ sống chung trong nhà cổ cải tạo - Hiện trạng: Bể phốt bị đầy tràn gây ùn ứ nước thải sinh hoạt vào ban đêm, ảnh hưởng nghiêm trọng đến sinh hoạt của các hộ gia đình trong không gian chật hẹp. - Khó khăn: Thi công vào khung giờ đêm muộn, không gian thao tác bên trong nhà cực kỳ hạn chế, đòi hỏi thiết bị phải nhỏ gọn, hoạt động êm ái để không gây tiếng động lớn làm phiền hàng xóm. - Cách xử lý: Sử dụng máy hút mini chuyên dụng có độ ồn thấp, luồn lách qua cửa ra vào hẹp để tiếp cận trực tiếp nắp bể phốt và tiến hành hút sạch chất thải nhanh gọn. - Kết quả: Bể phốt được làm sạch triệt để, hệ thống sinh hoạt trở lại bình thường ngay trong đêm, đảm bảo vệ sinh môi trường khu vực phố cổ. - Ảnh/video/phiếu nghiệm thu: (Đang cập nhật hình ảnh hiện trường, video quá trình thi công và phiếu nghiệm thu dịch vụ có chữ ký khách hàng theo quy định nội bộ) - Người xác nhận thông tin: Ông Trần Đức Mạnh (Đại diện chủ hộ gia đình) | L11: Giao dịch địa phương + so sánh trước khi gọi hút bể phốt tại Hoàn Kiếm. Nhu cầu chính: xác định có cần hút bể hay xử lý nhánh tắc, tìm đơn vị nhận đúng địa chỉ và biết tổng tiền. Nhu cầu phụ: xe/ống có tiếp cận được, cần mở nắp gì, giờ làm, cách kiểm lượng, thử xả và bảo hành. Trước đặt dịch vụ phải rõ phạm vi, tính m³ hay khoán, khoản ngoài gói do ai duyệt và kết quả bàn giao. Đây là intent suy từ truy vấn/SERP, chưa có số liệu GSC hoặc tần suất cuộc gọi. | M11: NGHIÊN CỨU 16/10/2026 — HN-003 Google: truy vấn "hút bể phốt Hoàn Kiếm", desktop, hl=vi, gl=vn, pws=0; chân trang Google xác định IP Cái Răng, Cần Thơ. Đây là thứ tự quan sát trong phiên này, không đại diện thứ hạng tại Hà Nội. Không tính quảng cáo, Maps/Local Pack, AI Overview/video. Quan sát 5/5 organic; đọc nội dung 5/5 (các mục chính; bảng ảnh nếu chưa đọc số được ghi riêng). #1 https://moitruongminhtam.vn/hut-be-phot-tai-hoan-kiem-2931.html Minh Tâm: dấu hiệu/đội xe/giá/khách sạn–sự kiện/quy trình/FAQ; hữu ích lịch phối hợp và phạm vi bảng giá xí nghiệp, thiếu đo đầu/cuối và ca có ngày/phiếu; 99,9% khử mùi, bảo hành5năm là tuyên bố bên bán. #2 https://moitruonghoangbach.vn/hut-be-phot-hoan-kiem/ Hoàng Bách: ba không/giá m³+xe/5bước/FAQ; nhiều mức99k,990k,350–450k khác căn cứ chưa giải thích; hứa không đục phá tuyệt đối, chưa có cách đo/case. #3 https://bkenvico.com/hut-be-phot-tai-hoan-kiem/ BK: nguyên nhân/dấu hiệu/giá/quy trình/ca Hàng Bông/FAQ; có phố cổ và điều kiện báo giá, mức giới thiệu280–350k khác bảng210k cần đọc phạm vi; ca thiếu ngày, lượng đo và chứng từ. #4 https://kienmoitruong.com/hut-be-phot-tai-hoan-kiem/ Kiến: dấu hiệu/nguyên nhân/kỹ thuật/giá/case/FAQ; giải thích có trường hợp cần mở cửa thăm, phân giờ ngoài hành chính; ca28ngõHàngBuồm3,5m³65m45phút1,2triệu chưa có ngày/phiếu; tiêu đề300k khác bảng530–600k/m³. #5 https://xulychatthai.com.vn/hut-be-phot-hoan-kiem/ Xử lý chất thải: giá/nguyên nhân/quy trình/lựa chọn/giấy tờ; có câu hỏi hóa đơn và nơi chuyển chất thải; bảng còn ghi2022, hứa15/20phút khác nhau, thiếu đo lượng và ca có nguồn. BÀI MÌNH: https://dichvuhuthamcau.vn/hut-be-phot-tai-hoan-kiem/ — đã đọc live toàn bộ nội dung chính, title, meta, H1/H2/H3, giá, phương án, ca, FAQ, CTA và liên kết ngày16/10/2026. Quan sát chắc: Đoạn 'ba tổng tiền trên' không có đủ ba tổng tiền trong bảng tóm tắt chỉ ghi m³; phần sau chỉ nêu 1,2 triệu Hàng Bạc và 1,8 triệu Cầu Gỗ. Khôi phục số lịch sử có nguồn hoặc sửa câu dẫn sau khi chủ máy duyệt; không tính lại theo giá hiện hành. J11 là ba ca 2023 khác bộ live tháng 3/2026. Cần bảo toàn: 85 Hàng Bông; ca live do Nguyễn Minh Khôi xác nhận: Hàng Bạc 2,2 m³/45 m, Mã Mây 3,6 m³/25 m, Cầu Gỗ 2,8 m³/20 m; giá lịch sử và việc chưa đính kèm tư liệu. NỘI BỘ — đối chiếu bổ sung 16/10/2026: đã đọc đầy đủ nội dung chính của cả 3 URL gốc O11: - https://dichvuhuthamcau.vn/hut-be-phot-tai-ha-noi/ - https://dichvuhuthamcau.vn/thong-tac-cong-tai-hoan-kiem/ - https://dichvuhuthamcau.vn/thong-tac-bon-cau-tai-hoan-kiem/ Đã đọc thêm bảng giá và chính sách bảo hành chính thức. Quan sát trực tiếp: Bài bồn cầu Hàng Bông/Lý Thường Kiệt/Tạ Hiện ghi minh họa J73; giữ nội dung tháo chân bồn/lấy dị vật ở bài đó. Bài hút tập trung giờ tiếp cận phố cổ, cửa thăm và tổng tiền, không chép hướng dẫn thông toilet. Kiểm tra đoạn dài từ 90 ký tự trở lên: có 3 đoạn của bài hiện tại xuất hiện nguyên văn ở ít nhất một bài O (đếm mỗi đoạn một lần, không phải % trùng toàn bài). Ví dụ phần giá/bảo hành/điều phối dùng chung; các mô-típ mở bài 'nên bắt đầu bằng việc mô tả đúng biểu hiện' và khối chuẩn bị địa chỉ giống về ý. Chỉ thay tên hoặc từ đồng nghĩa không giải quyết trùng ý. Đây là nhận định biên tập, không là kết luận Google phạt trùng lặp. Phân vai: chính sách thật về bảng giá, phiếu, hotline và điều kiện bảo hành được phép nhất quán; hub giải thích chính sách và lựa chọn dịch vụ; bài địa bàn bổ sung khảo sát tiếp cận, hệ thống thực tế và hồ sơ đúng ca. Bài Hoàn Kiếm phải làm sâu: Chốt lối vào và giờ làm cho nhà phố cổ, khách sạn, nhà hàng. Không nhập ca của dịch vụ khác, không coi tên quận/phường là bằng chứng có trạm trực. NGUỒN DOANH NGHIỆP: J11 và Hồ sơ case đúng mã đã đọc, giữ nguyên nhãn minh họa/chờ xác nhận; chưa tiếp cận tệp gốc ảnh/video/phiếu. Nhãn Khôi xác nhận trên live giữ nguyên; tình trạng hồ sơ Sheet chưa đầy đủ không phủ nhận dữ kiện đã được chủ máy duyệt. Phạm vi điều phối B9:O23 được đối chiếu; phần chưa có xác nhận không tự tạo điểm xe hoặc thời gian đến. Phường xã cũ: dùng mốc lịch sử30/06/2025, không cộng526+78 thành604 đơn vị đồng thời; chưa đối chiếu toàn bộ từng địa danh với nguồn nhà nước trong lượt này. MỨC CHẮC CHẮN: cấu trúc/lỗi/câu đã đăng là quan sát trực tiếp, cao. Intent và hướng M là suy luận biên tập, cần kiểm chứng bằng truy vấn/cuộc gọi. Khoảng trống đối thủ nêu trên dựa trên5URL đã đọc, không là bằng chứng khách hàng Toàn Việt. GSC: connector báo payment_required (trial hết/gói chưa hoạt động); chưa lấy được dữ liệu đúng URL, kỳ đo/bộ lọc chưa áp dụng; không có volume, clicks, impressions, CTR hay thứ hạng GSC. Chưa đọc log cuộc gọi/tin nhắn hoặc khảo sát khách hàng; không tạo tần suất. MA TRẬN CHỦ ĐỀ → HÀNH ĐỘNG (đề xuất, chưa sửa website): 1) Chọn đúng dịch vụ: đối thủ #1–#5 trả lời nguyên nhân/dấu hiệu ở mức khác nhau như ghi trên; không dùng một biểu hiện làm chẩn đoán. Bài mình đã có phân loại, cần làm sâu 'Chốt lối vào và giờ làm cho nhà phố cổ, khách sạn, nhà hàng'. Bổ sung câu hỏi và ranh giới riêng/chung trong H2 đầu + H2 trọng tâm N; căn cứ nguồn live/I và 3URL O, khảo sát thực tế khi chưa rõ. 2) Giá/tổng tiền: phần đã có hoặc thiếu đơn vị ở từng đối thủ xem #1–#5. Bài mình giữ bảng m³/khoán, mức tối thiểu và cách đọc mức đầu/cuối do Khôi nêu; gộp bảng lặp, nêu phần trong gói, ngoài gói và người duyệt trong N/AA; nghiệm thu bằng báo giá/phiếu đúng hạng mục, không mượn giá đối thủ. 3) Thiết bị/kết quả: đối thủ có nhiều lời hứa không đục phá, đến nhanh hoặc % sạch; chỗ có phép thử/camera đã ghi riêng. Bài mình giữ quy trình thật nhưng thêm điều kiện chọn máy/xe và giới hạn kết cấu; ghi lượng thực tế, nước thêm và từng chuyến, thử nhánh liên quan. Hồ sơ cần báo giá, ảnh trước–sau và biên nhận; chỉ dùng thông số máy đang có nguồn. 4) Bằng chứng/địa bàn: case/điểm trực của đối thủ là tuyên bố trên website, chưa kiểm chứng độc lập. Bài mình có dữ kiện đã duyệt phải giữ: 85 Hàng Bông; ca live do Nguyễn Minh Khôi xác nhận: Hàng Bạc 2,2 m³/45 m, Mã Mây 3,6 m³/25 m, Cầu Gỗ 2,8 m³/20 m; giá lịch sử và việc chưa đính kèm tư liệu. Nêu nhãn minh họa/doanh nghiệp xác nhận, nối phiếu/ảnh/người duyệt; bài địa bàn dùng điều kiện tiếp cận cụ thể, hub dẫn tới địa bàn. Các khoảng thiếu còn lại tại AB; không ghi nghiệm thu D01/D02 tự động. | N11: TRỌNG TÂM ĐỀ XUẤT: Đặt lịch cho phố cổ, khách sạn và nhà hàng: chốt lối ống, dò nắp, giờ làm và tổng tiền theo từng công trình. Lý do: Ba ca live Hàng Bạc/Mã Mây/Cầu Gỗ đã giải thích điều kiện tiếp cận. Đối thủ có bảng giá và hứa không đục phá, nhưng chứng cứ đo khối lượng và giới hạn giờ xe còn thiếu. Giá trị riêng cần làm thành bảng kiểm/phạm vi được duyệt: Tuyến ngõ chung; nắp bị che dưới sảnh; quản lý có quyền duyệt và khung ngừng phục vụ. Không suy ca đêm thành quy định chung. Dữ liệu còn cần: hồ sơ gốc nối với từng ca, người duyệt, ảnh/video trước–sau, cách xác nhận lượng hút và từng chuyến xe; xác nhận chính xác điểm/giờ phục vụ khi có mâu thuẫn. Không dùng ca minh họa như công trình thật, không lấy năng lực hay chính sách đối thủ gán cho Toàn Việt. Giữ chính sách chung nhất quán, mở sâu phần khách cần kiểm chứng. | O11: DÀN Ý ĐỀ XUẤT SỬA BÀI16/10/2026 — đã đối chiếu Top5 đọc được; website CHƯA được sửa theo dàn ý. Mở bài/khối nhanh: dịch vụ đúng Hoàn Kiếm, biểu hiện cần mô tả, điều kiện nhận việc, CTA gọi/Zalo; tránh lặp từ khóa và hứa giờ đến tuyệt đối. H2: Khi nào cần hút bể, khi nào kiểm tra nhánh tắc trước — mục đích chọn đúng dịch vụ, không chẩn đoán chỉ từ mùi hoặc nước rút chậm. H3: Một điểm hay nhiều điểm cùng bất thường, lịch hút/thông trước, biểu hiện sau mưa và thiết bị còn dùng bình thường. H3: Phân bùn trong bể, ống nghẹt, đầu ra/ống khí và nghi rò kết cấu; hỏi dữ kiện rồi khảo sát. H3: Tạm ngừng xả ở điểm trào, gửi ảnh/mô tả; không tự xuống bể/ga, không trộn hóa chất. H2: Chốt lối vào và giờ làm cho nhà phố cổ, khách sạn, nhà hàng — mục đích xử lý quyết định riêng của bài. H3: Thông tin khảo sát và người phối hợp: Tuyến ngõ chung; nắp bị che dưới sảnh; quản lý có quyền duyệt và khung ngừng phục vụ. Không suy ca đêm thành quy định chung. H3: Ghi phạm vi đã đồng ý, phần còn cần kiểm tra và điều kiện bàn giao; ví dụ chỉ dùng nguồn live đúng nhãn, không biến giả thuyết thành ca thật. H2: Giá hút bể: m³ thực tế hay khoán, khách duyệt khoản nào — mục đích dự toán đúng và kiểm soát phần phát sinh. H3: Một bảng giá hiện hành có ngày áp dụng, mức tối thiểu dưới1m³ và bậc1–3/>3–6/>6–10/>10; dẫn bảng giá chính thức. Dải1–10 chọn bậc theo tổng lượng thực tế, không tính lũy tiến; trên10 khảo sát. H3: Dung tích thiết kế, lượng ước tính và lượng lên xe khác nhau; khoán phải ghi phạm vi/giới hạn, không thu lại m³ cho phần đã khoán. H3: Ống xa, ca đêm, phá mỡ, dò/mở nắp/hoàn trả: tách khoản, điều kiện và người duyệt trước làm; số lịch sử của ca giữ đúng ngày, không tính lại bằng giá hôm nay. H2: Phương án xe, cửa thăm và từng ngăn theo hiện trạng — mục đích biết vì sao chọn phương án, phần nào nằm trong báo giá. H3: Xe nhỏ/lớn, điểm dừng và tuyến ống cần khảo sát thực địa; không suy mọi ngõ đều vào được. H3: Cửa thăm sẵn có, nắp bị che, bùn đặc và tuyến bếp: tách hạng mục, xin duyệt trước mở hoặc thông thêm. H3: Bảo vệ lối chung, sàn/tài sản và lịch ngừng xả; không hứa không đục phá trong mọi tình huống. H2: Xác nhận lượng hút và thử lại trước ký phiếu — mục đích biến cam kết thành bước khách chứng kiến. H3: Theo hướng dẫn Khôi tại hub Hà Nội: đọc mức đầu/cuối cùng xe qua kính/thang1hoặc0,5m³, ghi từng chuyến; thống nhất trước cách ghi nước sục rửa. Không dùng kích thước thiết kế hay ước lượng làm lượng thanh toán. H3: Kiểm tra từng ngăn/nhánh liên quan, nắp đã hoàn trả, phần còn tắc/rò phải ghi riêng. H3: Đối chiếu báo giá, tổng tiền, người ký và phiếu theo hạng mục; hút tối đa12tháng theo phiếu, tách lỗi thi công với nứt/rò/nước ngầm; hẹn kiểm tra theo chính sách, không hứa sửa xong trong24h. H2: Phạm vi triển khai và chuẩn bị địa chỉ Hoàn Kiếm — mục đích xác nhận nhận việc và khả năng tiếp cận. H3: Tên địa bàn cũ chỉ là tra cứu theo mốc30/06/2025; dùng địa chỉ hiện hành và ghim đúng cổng. H3: Người mở cửa thăm/ga, người duyệt chi phí, vị trí xe/máy và khung giờ có thể ngừng xả. H3: Điểm trực và ETA chỉ dùng thông tin đã được doanh nghiệp xác nhận; địa bàn ngoài phạm vi hub cần điều phối xác nhận riêng. H2: Ba ca/tình huống đang đăng và tư liệu kèm theo — mục đích chứng minh đúng phần việc, không thay bằng bộ J khác. H3: Ca 1: Hàng Bạc — 45mống — giữ nguồn/ngày/số liệu đã duyệt; liên kết hồ sơ, ảnh/video trước–sau và phiếu đúng ca. H3: Ca 2: Mã Mây — nắp dưới sảnh — giữ nguồn/ngày/số liệu đã duyệt; liên kết hồ sơ, ảnh/video trước–sau và phiếu đúng ca. H3: Ca 3: Cầu Gỗ — ca đêm — giữ nguồn/ngày/số liệu đã duyệt; liên kết hồ sơ, ảnh/video trước–sau và phiếu đúng ca. Hồ sơ case trên Sheet còn chờ tệp gốc/liên kết xác minh; nhãn doanh nghiệp hoặc Khôi đã xác nhận trên live vẫn phải bảo toàn. Không tự hạ/xóa dữ kiện đã duyệt. Ảnh minh họa phải ghi minh họa; ảnh công trình cần nguồn, người duyệt và caption đúng phần việc. Không dùng review sao/rating bài làm đánh giá khách thật. H2: Câu hỏi còn ảnh hưởng quyết định và đặt lịch — mục đích trả lời phần chưa rõ, tránh lặp thân bài. H3: Hút rồi vẫn thoát chậm thì kiểm tra phần nào? H3: Không biết vị trí nắp hoặc lượng bể thì chuẩn bị gì? H3: Giá đã gồm mở/hoàn trả và hạng mục ngoài gói chưa; phải có mặt hay cử người đại diện? H3: Đặt lịch qua0943.789.121/Zalo: gửi địa chỉ/ghim/ảnh, người phụ trách, giờ có thể ngừng xả và hóa chất đã dùng. Liên kết nội bộ đúng intent từ O; chính sách dài dẫn hub/bảng giá/bảo hành, không chép nguyên toàn bộ. BỐ TRÍ LIÊN KẾT NỘI BỘ ĐÃ ĐỐI CHIẾU16/10/2026: - https://dichvuhuthamcau.vn/hut-be-phot-tai-ha-noi/ — đặt ở phần chính sách giá/đo lượng hoặc điều phối tổng quan. - https://dichvuhuthamcau.vn/thong-tac-cong-tai-hoan-kiem/ — đặt khi khảo sát cho thấy nhánh cống/ga cần thông riêng. - https://dichvuhuthamcau.vn/thong-tac-bon-cau-tai-hoan-kiem/ — đặt khi điểm nghẹt nằm ở bồn/cổ bồn hoặc cần lấy dị vật, không mặc định phải tháo. Phần câu hỏi/tháo bồn chi tiết thuộc bài bồn cầu; trường hợp hỏng ống phải ghi giới hạn và xin duyệt hạng mục riêng. Đây là bố trí đề xuất cho bản sửa. | P11: https://dichvuhuthamcau.vn/hut-be-phot-tai-ha-noi/ https://dichvuhuthamcau.vn/thong-tac-cong-tai-hoan-kiem/ https://dichvuhuthamcau.vn/thong-tac-bon-cau-tai-hoan-kiem/ https://dichvuhuthamcau.vn/bang-gia/ https://dichvuhuthamcau.vn/chinh-sach-bao-hanh/ | Q11: FALSE | R11: FALSE | S11: =SUMIFS('Hồ sơ case'!$AE$9:$AE$287,'Hồ sơ case'!$B$9:$B$287,B11) -> 0 | T11: FALSE | U11: FALSE | V11: FALSE | W11: FALSE | X11: FALSE | Y11: =IF(AND(Q11=TRUE,R11=TRUE,S11=3,T11=TRUE,U11=TRUE,V11=TRUE,W11=TRUE,X11=TRUE,Z11<>"",AA11>0,AD11<>"Chưa xác định",AD11<>""),"Đủ bước, chờ nghiệm thu","Còn bước hoặc dữ liệu") -> Còn bước hoặc dữ liệu | AB11: D01–QA10. Đọc bài hiện tại, sửa câu lỗi. Làm rõ cần hút hay kiểm tra/thông, giá theo lượng/khoán và cách xác nhận. Bổ sung3case đúng địa bàn, bảng phường cũ, phạm vi và điều xe có nguồn. Thiết kế luồng riêng theo brief. BỔ SUNG16/10/2026 — HN-003: P1 — Lỗi tại vị trí quan sát: Đoạn 'ba tổng tiền trên' không có đủ ba tổng tiền trong bảng tóm tắt chỉ ghi m³; phần sau chỉ nêu 1,2 triệu Hàng Bạc và 1,8 triệu Cầu Gỗ. Khôi phục số lịch sử có nguồn hoặc sửa câu dẫn sau khi chủ máy duyệt; không tính lại theo giá hiện hành. J11 là ba ca 2023 khác bộ live tháng 3/2026. P1 — Giá và nghiệm thu: chỉ dùng lượng thực tế có cách đối chiếu khi tính m³; phân khoán/thiết kế/ước tính, ghi nước sục rửa và từng chuyến theo hướng dẫn Khôi ở hub, khoản phát sinh được duyệt trước. Không nghiệm thu bằng 'lượng dự kiến'. Lý do: khách cần đối chiếu tổng tiền và phần việc thực nhận. P1 — Bảo toàn dữ kiện: 85 Hàng Bông; ca live do Nguyễn Minh Khôi xác nhận: Hàng Bạc 2,2 m³/45 m, Mã Mây 3,6 m³/25 m, Cầu Gỗ 2,8 m³/20 m; giá lịch sử và việc chưa đính kèm tư liệu. Lập bảng đối chiếu J/live/Hồ sơ case, giữ nguồn/ngày/nhãn từng bộ; ca minh họa không là công trình thật; thiếu tệp gốc không làm mất hiệu lực dữ kiện chủ máy đã duyệt. Khôi/đầu mối cung cấp ảnh/video/phiếu, phép đo và quyền dùng tư liệu còn thiếu. P2 — Cấu trúc: triển khai trọng tâm M và dàn ý N, viết lại câu sai tự nhiên thay vì đảo từ hoặc đổi địa danh. Lý do: phần đang lặp không giúp chốt dịch vụ. Giữ chính sách chung thật nhất quán; loại diễn đạt tuyệt đối/định lượng chỉ sau đối chiếu nguồn và duyệt chỉnh sửa. P2 — Metadata/CTA/liên kết: bám đúng dịch vụ và điểm quyết định riêng; giữ URL I, dùng một H1 rõ. Canonical live đã thấy tự trỏ đúng URL I; robots meta có index,follow (kiểm DOM16/10/2026), chưa kiểm HTTP/robots.txt/Google index thực. Không suy truy cập được thành HTTP200/indexed. Không hứa ETA tuyệt đối; giữ hotline/phiếu/chính sách. P2 — D02: đã đối chiếu 3 URL gốc O11 và nguồn chính sách; nghiên cứu đối thủ theo đúng 5 vị trí ghi L11 (5/5 đọc nội dung chính). Ma trận chủ đề→bài mình→hành động/nguồn/điều kiện kiểm tra nằm ở L; triển khai theo N, không sao chép bố cục hoặc cam kết của đối thủ. P3 — Sau sửa (ngoài phạm vi lượt này): kiểm lại trang live, lỗi câu/ảnh/caption/link, giá và thử nghiệm thu mô tả; kiểm địa danh đúng mốc và hồ sơ ba ca. Chỉ quản lý nghiệm thu khi D01/D02 và hồ sơ đủ; không tự tích checkbox. P2 — Phân vai nội bộ sau đọc O: Bài bồn cầu Hàng Bông/Lý Thường Kiệt/Tạ Hiện ghi minh họa J73; giữ nội dung tháo chân bồn/lấy dị vật ở bài đó. Bài hút tập trung giờ tiếp cận phố cổ, cửa thăm và tổng tiền, không chép hướng dẫn thông toilet. Giữ thông tin chính sách dùng chung; rút đoạn lặp và dẫn đúng dịch vụ theo chẩn đoán khảo sát, không tự xóa/chuyển dữ kiện đã duyệt. Điều kiện kiểm tra: mọi URL O gốc còn nguyên, liên kết đặt ở đoạn giải thích đúng phạm vi; trọng tâm 'Chốt lối vào và giờ làm cho nhà phố cổ, khách sạn, nhà hàng' có đầu vào khảo sát và kết quả có thể đối chiếu. | AC11: Chưa có3case xác minh; chờ Khôi bổ sung hồ sơ. Đối chiếu16/10/2026: J và bộ ca live không đồng nhất; cần hồ sơ nối từng ca và người xác nhận trước chọn bộ cho bản sửa. Hồ sơ Sheet đang chờ không phải căn cứ phủ nhận dữ kiện Khôi đã duyệt trên live. GSC chưa lấy được do connector yêu cầu gói hoạt động; chưa có log cuộc gọi/tin nhắn/nguồn tần suất. Đây là giới hạn nguồn, không được tạo số liệu. Top5 đã đọc; các tuyên bố/số liệu của đối thủ chưa có hồ sơ gốc chỉ dùng đánh giá nội dung. Đã đọc đủ 3URL gốc O và đối chiếu phân vai/đoạn trùng ngày16/10/2026; phần này không còn là vướng mắc. Phần địa danh/điểm trực/kỹ thuật có nghi vấn cụ thể xem AA; chỉ xác minh phần thiếu hoặc mâu thuẫn, không đòi duyệt lại toàn bộ chính sách đã có nguồn. Chưa kiểm HTTP/robots.txt/index thực; không coi D01 kỹ thuật đã hoàn tất. | AD11: Chưa xác định | AE11: https://dichvuhuthamcau.vn/hut-be-phot-tai-hoan-kiem/ —16/10/2026: đã đọc toàn bộ nội dung chính live +metadata/H1/H2/H3/FAQ/CTA/link; canonical/robots meta kiểm DOM; không sửa website. https://dichvuhuthamcau.vn/hut-be-phot-tai-ha-noi/ —16/10/2026: đã đọc nội dung chính, dùng phân vai/chính sách. https://dichvuhuthamcau.vn/thong-tac-cong-tai-hoan-kiem/ —16/10/2026: đã đọc nội dung chính, dùng phân vai/chính sách. https://dichvuhuthamcau.vn/bang-gia/ —16/10/2026: đã đọc nội dung chính, dùng phân vai/chính sách. https://dichvuhuthamcau.vn/chinh-sach-bao-hanh/ —16/10/2026: đã đọc nội dung chính, dùng phân vai/chính sách. https://moitruongminhtam.vn/hut-be-phot-tai-hoan-kiem-2931.html —16/10/2026: đã đọc nội dung bài/H2/H3; https://moitruonghoangbach.vn/hut-be-phot-hoan-kiem/ —16/10/2026: đã đọc nội dung bài/H2/H3; https://bkenvico.com/hut-be-phot-tai-hoan-kiem/ —16/10/2026: đã đọc nội dung bài/H2/H3; https://kienmoitruong.com/hut-be-phot-tai-hoan-kiem/ —16/10/2026: đã đọc nội dung bài/H2/H3; https://xulychatthai.com.vn/hut-be-phot-hoan-kiem/ —16/10/2026: đã đọc nội dung bài/H2/H3; https://dichvuhuthamcau.vn/thong-tac-bon-cau-tai-hoan-kiem/ —16/10/2026: đã đọc toàn bộ nội dung chính/H2/H3/giá/ca/FAQ để phân vai và đối chiếu đoạn trùng; không sửa bài tham khảo. | AF11: =IF(AND(A11=TRUE,Y11="Đủ bước, chờ nghiệm thu"),1,0) -> 0
A12: FALSE | B12: HN-004 | C12: Tây Hồ | D12: Hút bể phốt | E12: Đăng | F12: Đang làm | G12: Hà Nội trước | J12: https://dichvuhuthamcau.vn/hut-be-phot-tai-tay-ho/ | K12: CA 1: - Khu vực thi công: Phố Nhật Chiêu, phường Nhật Tân, quận Tây Hồ, Hà Nội - Thời điểm: Sáng ngày 14/03/2024 - Công trình: Biệt thự 3 tầng ven hồ Tây - Hiện trạng: Bể phốt 3 ngăn bị tắc nghẽn cục bộ, nước thải sinh hoạt tầng 1 không thoát được, xuất hiện mùi hôi khó chịu ảnh hưởng đến sinh hoạt gia đình. - Khó khăn: Đường ống dẫn vào bể phốt đi ngầm sâu dưới nền sân lát đá granite cao cấp, không thể đục phá; vị trí đỗ xe hút cách xa cổng chính hơn 60 mét. - Cách xử lý: Sử dụng máy lò xo công suất lớn để thông tắc đường ống dẫn, sau đó đưa ống hút chuyên dụng qua cửa thăm kỹ thuật nhỏ, kết hợp máy đánh tan màng đóng cặn lâu năm trong các ngăn chứa mà không cần can thiệp kết cấu nền sân. - Kết quả: Bể phốt được hút sạch hoàn toàn bùn lắng và nước thải, hệ thống thoát nước hoạt động trơn tru trở lại, mặt bằng sân vườn được vệ sinh sạch sẽ như nguyên trạng ban đầu. - Ảnh/video/phiếu nghiệm thu: Video ghi lại quá trình luồn ống hút qua cửa thăm kỹ thuật và phiếu nghiệm thu dịch vụ ký kết trực tiếp với chủ đầu tư. - Người xác nhận thông tin: Ông Trần Văn Minh (Chủ nhân biệt thự) CA 2: - Khu vực thi công: Ngõ 12 Đặng Thai Mai, phường Quảng An, quận Tây Hồ, Hà Nội - Thời điểm: Chiều ngày 22/04/2024 - Công trình: Tòa nhà căn hộ dịch vụ 5 tầng cho thuê - Hiện trạng: Dung tích bể chứa đầy tràn do lượng khách lưu trú đông vào mùa du lịch, gây ùn ứ nước thải tại khu vực tầng trệt và nhà vệ sinh chung. - Khó khăn: Ngõ vào nhỏ hẹp (dưới 2 mét), xe hút bể phốt cỡ lớn không thể tiếp cận trực tiếp, buộc phải dùng phương án kết nối nhiều cuộn ống nối dài qua ngõ sâu. - Cách xử lý: Đậu xe tải chuyên dụng ngoài đường lớn, triển khai hệ thống ống hút siêu dài (trên 80 mét) luồn qua ngõ nhỏ vào tận tầng hầm tòa nhà, kết hợp bơm áp lực cao để làm sạch cặn bám đáy bể. - Kết quả: Hút sạch triệt để toàn bộ chất thải trong thời gian ngắn, đảm bảo không gây ách tắc giao thông ngõ xóm và không ảnh hưởng đến việc kinh doanh của các hộ dân lân cận. - Ảnh/video/phiếu nghiệm thu: Hình ảnh hệ thống ống hút trải dài trong ngõ và biên bản bàn giao nghiệm thu công trình có đóng dấu đơn vị quản lý tòa nhà. - Người xác nhận thông tin: Bà Lê Thị Thu Hằng (Quản lý vận hành tòa nhà) CA 3: - Khu vực thi công: Phố Trích Sài, phường Bưởi, quận Tây Hồ, Hà Nội - Thời điểm: Sáng ngày 05/06/2024 - Công trình: Nhà hàng ẩm thực truyền thống ven hồ - Hiện trạng: Bể mỡ và bể phốt liên hoàn bị quá tải, dầu mỡ tích tụ lâu ngày đóng thành khối cứng gây nghẹt hệ thống thoát sàn khu vực bếp nấu. - Khó khăn: Thời gian thi công bị giới hạn nghiêm ngặt do nhà hàng phải chuẩn bị đón khách ăn trưa, khối lượng mỡ và chất thải đặc quánh khó hút bằng bơm thông thường. - Cách xử lý: Sử dụng thiết bị bơm hút chân không áp lực cao kết hợp dung dịch sinh học chuyên dụng để hóa lỏng lớp mỡ đông đặc, tiến hành hút vét sạch sẽ toàn bộ các ngăn chứa trong khung giờ sáng sớm trước giờ nhà hàng hoạt động. - Kết quả: Hệ thống thoát thải khu vực bếp thông thoáng hoàn toàn, không còn hiện tượng trào ngược nước thải, mùi hôi được khử sạch triệt để đảm bảo tiêu chuẩn vệ sinh an toàn thực phẩm. - Ảnh/video/phiếu nghiệm thu: Video quay cận cảnh quá trình làm sạch mỡ trong bể và phiếu xác nhận hoàn thành dịch vụ của đại diện nhà hàng. - Người xác nhận thông tin: Anh Nguyễn Hoàng Long (Đại diện bộ phận vận hành nhà hàng) | L12: Giao dịch địa phương + so sánh trước khi gọi hút bể phốt tại Tây Hồ. Nhu cầu chính: xác định có cần hút bể hay xử lý nhánh tắc, tìm đơn vị nhận đúng địa chỉ và biết tổng tiền. Nhu cầu phụ: xe/ống có tiếp cận được, cần mở nắp gì, giờ làm, cách kiểm lượng, thử xả và bảo hành. Trước đặt dịch vụ phải rõ phạm vi, tính m³ hay khoán, khoản ngoài gói do ai duyệt và kết quả bàn giao. Đây là intent suy từ truy vấn/SERP, chưa có số liệu GSC hoặc tần suất cuộc gọi. | M12: NGHIÊN CỨU 16/10/2026 — HN-004 Google: truy vấn "hút bể phốt Tây Hồ", desktop, hl=vi, gl=vn, pws=0; chân trang Google xác định IP Cái Răng, Cần Thơ. Đây là thứ tự quan sát trong phiên này, không đại diện thứ hạng tại Hà Nội. Không tính quảng cáo, Maps/Local Pack, AI Overview/video. Quan sát 5/5 organic; đọc nội dung 5/5 (các mục chính; bảng ảnh nếu chưa đọc số được ghi riêng). #1 https://moitruongminhtam.vn/hut-be-phot-tai-tay-ho-2964.html Minh Tâm: giá đội xe/quy trình/FAQ đường ngõ và sau hút; trả lời thông tin cần gửi; khảo sát100hộ/80%/12% không có dữ liệu gốc, không dùng làm insight Toàn Việt; thiếu ca đo lượng. #2 https://kienmoitruong.com/hut-be-phot-tai-tay-ho/ Kiến: nước ngầm, nhà cải tạo, homestay; phân triệu chứng/chu kỳ/phương án/giá/kiểm lượng/bảo hành/case; tốt ở tách rò kết cấu và bùn, ghi việc mở nắp; tỷ lệ70% và chu kỳ từ triệu chứng chưa có chứng cứ, ca thiếu ngày/phiếu, giá nhiều căn cứ khác nhau và chưa rõ lượng đầu xe. #3 https://hutcong.com/hut-be-phot-tai-tay-ho/ Hutcong: chủ yếu H3 dấu hiệu/đầy nhanh/dịch vụ/quy trình/xe/giá/FAQ; có chi phí ngõ và giờ đêm nhưng bảng ghi theo m³ lại đưa khoảng tiền theo bể2–3m³, thiếu cách xác nhận lượng và case. #4 https://hutbephotbaominh.com/hut-be-phot-tai-tay-ho/ Bảo Minh: giá m³/khoán/xe/quy trình/FAQ; nhầm danh sách20phường Hai Bà Trưng vào Tây Hồ, tiêu đề10năm khác thân6–12tháng; rửa thêm nước nhưng chưa giải thích tính lượng; ca/ảnh chưa có hồ sơ cụ thể. #5 https://hutbephotvietphat.vn/hut-be-phot-tai-tay-ho-bid3114.html Việt Phát: nhiều H1; giá chỉ cơ quan, bảo trì/chọn đơn vị/quy trình/lưu ý; có kiểm xe ban đầu và đóng nắp, chưa phân biệt đầy đủ thiết kế–lượng hút, thiếu ca kiểm chứng và điều kiện100k/xe. BÀI MÌNH: https://dichvuhuthamcau.vn/hut-be-phot-tai-tay-ho/ — đã đọc live toàn bộ nội dung chính, title, meta, H1/H2/H3, giá, phương án, ca, FAQ, CTA và liên kết ngày16/10/2026. Quan sát chắc: Mở đầu khối nhanh lặp thương hiệu/từ khóa. Lượng 2,4/4,2/3,8 m³ chưa kèm phương pháp đo cụ thể cho từng ca trong phần ca; bổ sung nguồn xác nhận, không dùng dung tích thiết kế. J12 Nhật Chiêu/Đặng Thai Mai/Trích Sài 2024 khác ca live Thụy Khuê/Tô Ngọc Vân/Võng Thị 2026. Cần bảo toàn: 61 Võ Chí Công; số liệu và phép tính đã công bố; Võng Thị 3,8 m³ là số ghi nhận, thanh toán khoán 3,3 triệu, không thu lại theo m³. NỘI BỘ — đối chiếu bổ sung 16/10/2026: đã đọc đầy đủ nội dung chính của cả 3 URL gốc O12: - https://dichvuhuthamcau.vn/hut-be-phot-tai-ha-noi/ - https://dichvuhuthamcau.vn/thong-tac-cong-tai-tay-ho/ - https://dichvuhuthamcau.vn/thong-tac-bon-cau-tai-tay-ho/ Đã đọc thêm bảng giá và chính sách bảo hành chính thức. Quan sát trực tiếp: Bài bồn cầu Quảng An/Lạc Long Quân/Tô Ngọc Vân ghi minh họa J74. Bài cống kiểm từng tuyến bếp–vệ sinh–máy giặt; bài hút tách ngăn bể và hộp mỡ, chỉ dẫn sang nhánh đúng bệnh. Kiểm tra đoạn dài từ 90 ký tự trở lên: có 4 đoạn của bài hiện tại xuất hiện nguyên văn ở ít nhất một bài O (đếm mỗi đoạn một lần, không phải % trùng toàn bài). Ví dụ phần giá/bảo hành/điều phối dùng chung; các mô-típ mở bài 'nên bắt đầu bằng việc mô tả đúng biểu hiện' và khối chuẩn bị địa chỉ giống về ý. Chỉ thay tên hoặc từ đồng nghĩa không giải quyết trùng ý. Đây là nhận định biên tập, không là kết luận Google phạt trùng lặp. Phân vai: chính sách thật về bảng giá, phiếu, hotline và điều kiện bảo hành được phép nhất quán; hub giải thích chính sách và lựa chọn dịch vụ; bài địa bàn bổ sung khảo sát tiếp cận, hệ thống thực tế và hồ sơ đúng ca. Bài Tây Hồ phải làm sâu: Cửa thăm từng ngăn và ba tuyến cần thử riêng ở Tây Hồ. Không nhập ca của dịch vụ khác, không coi tên quận/phường là bằng chứng có trạm trực. NGUỒN DOANH NGHIỆP: J12 và Hồ sơ case đúng mã đã đọc, giữ nguyên nhãn minh họa/chờ xác nhận; chưa tiếp cận tệp gốc ảnh/video/phiếu. Nhãn Khôi xác nhận trên live giữ nguyên; tình trạng hồ sơ Sheet chưa đầy đủ không phủ nhận dữ kiện đã được chủ máy duyệt. Phạm vi điều phối B9:O23 được đối chiếu; phần chưa có xác nhận không tự tạo điểm xe hoặc thời gian đến. Phường xã cũ: dùng mốc lịch sử30/06/2025, không cộng526+78 thành604 đơn vị đồng thời; chưa đối chiếu toàn bộ từng địa danh với nguồn nhà nước trong lượt này. MỨC CHẮC CHẮN: cấu trúc/lỗi/câu đã đăng là quan sát trực tiếp, cao. Intent và hướng M là suy luận biên tập, cần kiểm chứng bằng truy vấn/cuộc gọi. Khoảng trống đối thủ nêu trên dựa trên5URL đã đọc, không là bằng chứng khách hàng Toàn Việt. GSC: connector báo payment_required (trial hết/gói chưa hoạt động); chưa lấy được dữ liệu đúng URL, kỳ đo/bộ lọc chưa áp dụng; không có volume, clicks, impressions, CTR hay thứ hạng GSC. Chưa đọc log cuộc gọi/tin nhắn hoặc khảo sát khách hàng; không tạo tần suất. MA TRẬN CHỦ ĐỀ → HÀNH ĐỘNG (đề xuất, chưa sửa website): 1) Chọn đúng dịch vụ: đối thủ #1–#5 trả lời nguyên nhân/dấu hiệu ở mức khác nhau như ghi trên; không dùng một biểu hiện làm chẩn đoán. Bài mình đã có phân loại, cần làm sâu 'Cửa thăm từng ngăn và ba tuyến cần thử riêng ở Tây Hồ'. Bổ sung câu hỏi và ranh giới riêng/chung trong H2 đầu + H2 trọng tâm N; căn cứ nguồn live/I và 3URL O, khảo sát thực tế khi chưa rõ. 2) Giá/tổng tiền: phần đã có hoặc thiếu đơn vị ở từng đối thủ xem #1–#5. Bài mình giữ bảng m³/khoán, mức tối thiểu và cách đọc mức đầu/cuối do Khôi nêu; gộp bảng lặp, nêu phần trong gói, ngoài gói và người duyệt trong N/AA; nghiệm thu bằng báo giá/phiếu đúng hạng mục, không mượn giá đối thủ. 3) Thiết bị/kết quả: đối thủ có nhiều lời hứa không đục phá, đến nhanh hoặc % sạch; chỗ có phép thử/camera đã ghi riêng. Bài mình giữ quy trình thật nhưng thêm điều kiện chọn máy/xe và giới hạn kết cấu; ghi lượng thực tế, nước thêm và từng chuyến, thử nhánh liên quan. Hồ sơ cần báo giá, ảnh trước–sau và biên nhận; chỉ dùng thông số máy đang có nguồn. 4) Bằng chứng/địa bàn: case/điểm trực của đối thủ là tuyên bố trên website, chưa kiểm chứng độc lập. Bài mình có dữ kiện đã duyệt phải giữ: 61 Võ Chí Công; số liệu và phép tính đã công bố; Võng Thị 3,8 m³ là số ghi nhận, thanh toán khoán 3,3 triệu, không thu lại theo m³. Nêu nhãn minh họa/doanh nghiệp xác nhận, nối phiếu/ảnh/người duyệt; bài địa bàn dùng điều kiện tiếp cận cụ thể, hub dẫn tới địa bàn. Các khoảng thiếu còn lại tại AB; không ghi nghiệm thu D01/D02 tự động. | N12: TRỌNG TÂM ĐỀ XUẤT: Kiểm tra từng ngăn và nghiệm thu từng tuyến; tách hút bể, hộp mỡ bếp và nhánh nhà vệ sinh. Lý do: Live có ba tình huống khác nhau và cách tính theo m³/khoán. Cơ hội là bảng kiểm từng phần, rõ số liệu tính tiền, không lặp quảng cáo sạch 100%. Giá trị riêng cần làm thành bảng kiểm/phạm vi được duyệt: Tiếp cận hai cửa thăm; tuyến bếp tách khỏi bể; nhánh còn giữ nước sau hút. Ghi kết quả từng phần, không suy từ một bồn cầu. Dữ liệu còn cần: hồ sơ gốc nối với từng ca, người duyệt, ảnh/video trước–sau, cách xác nhận lượng hút và từng chuyến xe; xác nhận chính xác điểm/giờ phục vụ khi có mâu thuẫn. Không dùng ca minh họa như công trình thật, không lấy năng lực hay chính sách đối thủ gán cho Toàn Việt. Giữ chính sách chung nhất quán, mở sâu phần khách cần kiểm chứng. | O12: DÀN Ý ĐỀ XUẤT SỬA BÀI16/10/2026 — đã đối chiếu Top5 đọc được; website CHƯA được sửa theo dàn ý. Mở bài/khối nhanh: dịch vụ đúng Tây Hồ, biểu hiện cần mô tả, điều kiện nhận việc, CTA gọi/Zalo; tránh lặp từ khóa và hứa giờ đến tuyệt đối. H2: Khi nào cần hút bể, khi nào kiểm tra nhánh tắc trước — mục đích chọn đúng dịch vụ, không chẩn đoán chỉ từ mùi hoặc nước rút chậm. H3: Một điểm hay nhiều điểm cùng bất thường, lịch hút/thông trước, biểu hiện sau mưa và thiết bị còn dùng bình thường. H3: Phân bùn trong bể, ống nghẹt, đầu ra/ống khí và nghi rò kết cấu; hỏi dữ kiện rồi khảo sát. H3: Tạm ngừng xả ở điểm trào, gửi ảnh/mô tả; không tự xuống bể/ga, không trộn hóa chất. H2: Cửa thăm từng ngăn và ba tuyến cần thử riêng ở Tây Hồ — mục đích xử lý quyết định riêng của bài. H3: Thông tin khảo sát và người phối hợp: Tiếp cận hai cửa thăm; tuyến bếp tách khỏi bể; nhánh còn giữ nước sau hút. Ghi kết quả từng phần, không suy từ một bồn cầu. H3: Ghi phạm vi đã đồng ý, phần còn cần kiểm tra và điều kiện bàn giao; ví dụ chỉ dùng nguồn live đúng nhãn, không biến giả thuyết thành ca thật. H2: Giá hút bể: m³ thực tế hay khoán, khách duyệt khoản nào — mục đích dự toán đúng và kiểm soát phần phát sinh. H3: Một bảng giá hiện hành có ngày áp dụng, mức tối thiểu dưới1m³ và bậc1–3/>3–6/>6–10/>10; dẫn bảng giá chính thức. Dải1–10 chọn bậc theo tổng lượng thực tế, không tính lũy tiến; trên10 khảo sát. H3: Dung tích thiết kế, lượng ước tính và lượng lên xe khác nhau; khoán phải ghi phạm vi/giới hạn, không thu lại m³ cho phần đã khoán. H3: Ống xa, ca đêm, phá mỡ, dò/mở nắp/hoàn trả: tách khoản, điều kiện và người duyệt trước làm; số lịch sử của ca giữ đúng ngày, không tính lại bằng giá hôm nay. H2: Phương án xe, cửa thăm và từng ngăn theo hiện trạng — mục đích biết vì sao chọn phương án, phần nào nằm trong báo giá. H3: Xe nhỏ/lớn, điểm dừng và tuyến ống cần khảo sát thực địa; không suy mọi ngõ đều vào được. H3: Cửa thăm sẵn có, nắp bị che, bùn đặc và tuyến bếp: tách hạng mục, xin duyệt trước mở hoặc thông thêm. H3: Bảo vệ lối chung, sàn/tài sản và lịch ngừng xả; không hứa không đục phá trong mọi tình huống. H2: Xác nhận lượng hút và thử lại trước ký phiếu — mục đích biến cam kết thành bước khách chứng kiến. H3: Theo hướng dẫn Khôi tại hub Hà Nội: đọc mức đầu/cuối cùng xe qua kính/thang1hoặc0,5m³, ghi từng chuyến; thống nhất trước cách ghi nước sục rửa. Không dùng kích thước thiết kế hay ước lượng làm lượng thanh toán. H3: Kiểm tra từng ngăn/nhánh liên quan, nắp đã hoàn trả, phần còn tắc/rò phải ghi riêng. H3: Đối chiếu báo giá, tổng tiền, người ký và phiếu theo hạng mục; hút tối đa12tháng theo phiếu, tách lỗi thi công với nứt/rò/nước ngầm; hẹn kiểm tra theo chính sách, không hứa sửa xong trong24h. H2: Phạm vi triển khai và chuẩn bị địa chỉ Tây Hồ — mục đích xác nhận nhận việc và khả năng tiếp cận. H3: Tên địa bàn cũ chỉ là tra cứu theo mốc30/06/2025; dùng địa chỉ hiện hành và ghim đúng cổng. H3: Người mở cửa thăm/ga, người duyệt chi phí, vị trí xe/máy và khung giờ có thể ngừng xả. H3: Điểm trực và ETA chỉ dùng thông tin đã được doanh nghiệp xác nhận; địa bàn ngoài phạm vi hub cần điều phối xác nhận riêng. H2: Ba ca/tình huống đang đăng và tư liệu kèm theo — mục đích chứng minh đúng phần việc, không thay bằng bộ J khác. H3: Ca 1: Ngõ199 Thụy Khuê — hai cửa thăm — giữ nguồn/ngày/số liệu đã duyệt; liên kết hồ sơ, ảnh/video trước–sau và phiếu đúng ca. H3: Ca 2: Tô Ngọc Vân — bể và tuyến bếp — giữ nguồn/ngày/số liệu đã duyệt; liên kết hồ sơ, ảnh/video trước–sau và phiếu đúng ca. H3: Ca 3: Ngõ10 Võng Thị — từng ngăn/nhánh — giữ nguồn/ngày/số liệu đã duyệt; liên kết hồ sơ, ảnh/video trước–sau và phiếu đúng ca. Hồ sơ case trên Sheet còn chờ tệp gốc/liên kết xác minh; nhãn doanh nghiệp hoặc Khôi đã xác nhận trên live vẫn phải bảo toàn. Không tự hạ/xóa dữ kiện đã duyệt. Ảnh minh họa phải ghi minh họa; ảnh công trình cần nguồn, người duyệt và caption đúng phần việc. Không dùng review sao/rating bài làm đánh giá khách thật. H2: Câu hỏi còn ảnh hưởng quyết định và đặt lịch — mục đích trả lời phần chưa rõ, tránh lặp thân bài. H3: Hút rồi vẫn thoát chậm thì kiểm tra phần nào? H3: Không biết vị trí nắp hoặc lượng bể thì chuẩn bị gì? H3: Giá đã gồm mở/hoàn trả và hạng mục ngoài gói chưa; phải có mặt hay cử người đại diện? H3: Đặt lịch qua0943.789.121/Zalo: gửi địa chỉ/ghim/ảnh, người phụ trách, giờ có thể ngừng xả và hóa chất đã dùng. Liên kết nội bộ đúng intent từ O; chính sách dài dẫn hub/bảng giá/bảo hành, không chép nguyên toàn bộ. BỐ TRÍ LIÊN KẾT NỘI BỘ ĐÃ ĐỐI CHIẾU16/10/2026: - https://dichvuhuthamcau.vn/hut-be-phot-tai-ha-noi/ — đặt ở phần chính sách giá/đo lượng hoặc điều phối tổng quan. - https://dichvuhuthamcau.vn/thong-tac-cong-tai-tay-ho/ — đặt khi khảo sát cho thấy nhánh cống/ga cần thông riêng. - https://dichvuhuthamcau.vn/thong-tac-bon-cau-tai-tay-ho/ — đặt khi điểm nghẹt nằm ở bồn/cổ bồn hoặc cần lấy dị vật, không mặc định phải tháo. Phần câu hỏi/tháo bồn chi tiết thuộc bài bồn cầu; trường hợp hỏng ống phải ghi giới hạn và xin duyệt hạng mục riêng. Đây là bố trí đề xuất cho bản sửa. | P12: https://dichvuhuthamcau.vn/hut-be-phot-tai-ha-noi/ https://dichvuhuthamcau.vn/thong-tac-cong-tai-tay-ho/ https://dichvuhuthamcau.vn/thong-tac-bon-cau-tai-tay-ho/ https://dichvuhuthamcau.vn/bang-gia/ https://dichvuhuthamcau.vn/chinh-sach-bao-hanh/ | Q12: FALSE | R12: FALSE | S12: =SUMIFS('Hồ sơ case'!$AE$9:$AE$287,'Hồ sơ case'!$B$9:$B$287,B12) -> 0 | T12: FALSE | U12: FALSE | V12: FALSE | W12: FALSE | X12: FALSE | Y12: =IF(AND(Q12=TRUE,R12=TRUE,S12=3,T12=TRUE,U12=TRUE,V12=TRUE,W12=TRUE,X12=TRUE,Z12<>"",AA12>0,AD12<>"Chưa xác định",AD12<>""),"Đủ bước, chờ nghiệm thu","Còn bước hoặc dữ liệu") -> Còn bước hoặc dữ liệu | AB12: D01–QA10. Đọc bài hiện tại, sửa câu lỗi. Làm rõ cần hút hay kiểm tra/thông, giá theo lượng/khoán và cách xác nhận. Bổ sung3case đúng địa bàn, bảng phường cũ, phạm vi và điều xe có nguồn. Thiết kế luồng riêng theo brief. BỔ SUNG16/10/2026 — HN-004: P1 — Lỗi tại vị trí quan sát: Mở đầu khối nhanh lặp thương hiệu/từ khóa. Lượng 2,4/4,2/3,8 m³ chưa kèm phương pháp đo cụ thể cho từng ca trong phần ca; bổ sung nguồn xác nhận, không dùng dung tích thiết kế. J12 Nhật Chiêu/Đặng Thai Mai/Trích Sài 2024 khác ca live Thụy Khuê/Tô Ngọc Vân/Võng Thị 2026. P1 — Giá và nghiệm thu: chỉ dùng lượng thực tế có cách đối chiếu khi tính m³; phân khoán/thiết kế/ước tính, ghi nước sục rửa và từng chuyến theo hướng dẫn Khôi ở hub, khoản phát sinh được duyệt trước. Không nghiệm thu bằng 'lượng dự kiến'. Lý do: khách cần đối chiếu tổng tiền và phần việc thực nhận. P1 — Bảo toàn dữ kiện: 61 Võ Chí Công; số liệu và phép tính đã công bố; Võng Thị 3,8 m³ là số ghi nhận, thanh toán khoán 3,3 triệu, không thu lại theo m³. Lập bảng đối chiếu J/live/Hồ sơ case, giữ nguồn/ngày/nhãn từng bộ; ca minh họa không là công trình thật; thiếu tệp gốc không làm mất hiệu lực dữ kiện chủ máy đã duyệt. Khôi/đầu mối cung cấp ảnh/video/phiếu, phép đo và quyền dùng tư liệu còn thiếu. P2 — Cấu trúc: triển khai trọng tâm M và dàn ý N, viết lại câu sai tự nhiên thay vì đảo từ hoặc đổi địa danh. Lý do: phần đang lặp không giúp chốt dịch vụ. Giữ chính sách chung thật nhất quán; loại diễn đạt tuyệt đối/định lượng chỉ sau đối chiếu nguồn và duyệt chỉnh sửa. P2 — Metadata/CTA/liên kết: bám đúng dịch vụ và điểm quyết định riêng; giữ URL I, dùng một H1 rõ. Canonical live đã thấy tự trỏ đúng URL I; robots meta có index,follow (kiểm DOM16/10/2026), chưa kiểm HTTP/robots.txt/Google index thực. Không suy truy cập được thành HTTP200/indexed. Không hứa ETA tuyệt đối; giữ hotline/phiếu/chính sách. P2 — D02: đã đối chiếu 3 URL gốc O12 và nguồn chính sách; nghiên cứu đối thủ theo đúng 5 vị trí ghi L12 (5/5 đọc nội dung chính). Ma trận chủ đề→bài mình→hành động/nguồn/điều kiện kiểm tra nằm ở L; triển khai theo N, không sao chép bố cục hoặc cam kết của đối thủ. P3 — Sau sửa (ngoài phạm vi lượt này): kiểm lại trang live, lỗi câu/ảnh/caption/link, giá và thử nghiệm thu mô tả; kiểm địa danh đúng mốc và hồ sơ ba ca. Chỉ quản lý nghiệm thu khi D01/D02 và hồ sơ đủ; không tự tích checkbox. P2 — Phân vai nội bộ sau đọc O: Bài bồn cầu Quảng An/Lạc Long Quân/Tô Ngọc Vân ghi minh họa J74. Bài cống kiểm từng tuyến bếp–vệ sinh–máy giặt; bài hút tách ngăn bể và hộp mỡ, chỉ dẫn sang nhánh đúng bệnh. Giữ thông tin chính sách dùng chung; rút đoạn lặp và dẫn đúng dịch vụ theo chẩn đoán khảo sát, không tự xóa/chuyển dữ kiện đã duyệt. Điều kiện kiểm tra: mọi URL O gốc còn nguyên, liên kết đặt ở đoạn giải thích đúng phạm vi; trọng tâm 'Cửa thăm từng ngăn và ba tuyến cần thử riêng ở Tây Hồ' có đầu vào khảo sát và kết quả có thể đối chiếu. | AC12: Chưa có3case xác minh; chờ Khôi bổ sung hồ sơ. Đối chiếu16/10/2026: J và bộ ca live không đồng nhất; cần hồ sơ nối từng ca và người xác nhận trước chọn bộ cho bản sửa. Hồ sơ Sheet đang chờ không phải căn cứ phủ nhận dữ kiện Khôi đã duyệt trên live. GSC chưa lấy được do connector yêu cầu gói hoạt động; chưa có log cuộc gọi/tin nhắn/nguồn tần suất. Đây là giới hạn nguồn, không được tạo số liệu. Top5 đã đọc; các tuyên bố/số liệu của đối thủ chưa có hồ sơ gốc chỉ dùng đánh giá nội dung. Đã đọc đủ 3URL gốc O và đối chiếu phân vai/đoạn trùng ngày16/10/2026; phần này không còn là vướng mắc. Phần địa danh/điểm trực/kỹ thuật có nghi vấn cụ thể xem AA; chỉ xác minh phần thiếu hoặc mâu thuẫn, không đòi duyệt lại toàn bộ chính sách đã có nguồn. Chưa kiểm HTTP/robots.txt/index thực; không coi D01 kỹ thuật đã hoàn tất. | AD12: Chưa xác định | AE12: https://dichvuhuthamcau.vn/hut-be-phot-tai-tay-ho/ —16/10/2026: đã đọc toàn bộ nội dung chính live +metadata/H1/H2/H3/FAQ/CTA/link; canonical/robots meta kiểm DOM; không sửa website. https://dichvuhuthamcau.vn/hut-be-phot-tai-ha-noi/ —16/10/2026: đã đọc nội dung chính, dùng phân vai/chính sách. https://dichvuhuthamcau.vn/thong-tac-cong-tai-tay-ho/ —16/10/2026: đã đọc nội dung chính, dùng phân vai/chính sách. https://dichvuhuthamcau.vn/bang-gia/ —16/10/2026: đã đọc nội dung chính, dùng phân vai/chính sách. https://dichvuhuthamcau.vn/chinh-sach-bao-hanh/ —16/10/2026: đã đọc nội dung chính, dùng phân vai/chính sách. https://moitruongminhtam.vn/hut-be-phot-tai-tay-ho-2964.html —16/10/2026: đã đọc nội dung bài/H2/H3; https://kienmoitruong.com/hut-be-phot-tai-tay-ho/ —16/10/2026: đã đọc nội dung bài/H2/H3; https://hutcong.com/hut-be-phot-tai-tay-ho/ —16/10/2026: đã đọc nội dung bài/H2/H3; https://hutbephotbaominh.com/hut-be-phot-tai-tay-ho/ —16/10/2026: đã đọc nội dung bài/H2/H3; https://hutbephotvietphat.vn/hut-be-phot-tai-tay-ho-bid3114.html —16/10/2026: đã đọc nội dung bài/H2/H3; https://dichvuhuthamcau.vn/thong-tac-bon-cau-tai-tay-ho/ —16/10/2026: đã đọc toàn bộ nội dung chính/H2/H3/giá/ca/FAQ để phân vai và đối chiếu đoạn trùng; không sửa bài tham khảo. | AF12: =IF(AND(A12=TRUE,Y12="Đủ bước, chờ nghiệm thu"),1,0) -> 0
A13: FALSE | B13: HN-005 | C13: Long Biên | D13: Hút bể phốt | E13: Đăng | F13: Chưa làm | G13: Hà Nội trước | J13: https://dichvuhuthamcau.vn/hut-be-phot-tai-long-bien/ | K13: CA 1: - Khu vực thi công: Phố Lâm Du, phường Bồ Đề, quận Long Biên, Hà Nội - Thời điểm: Sáng ngày 14/03/2025 - Công trình: Nhà ở gia đình kết hợp kinh doanh quán cà phê - Hiện trạng: Bể phốt bị đầy ứ, nước thải thoát chậm và bắt đầu bốc mùi hôi khó chịu ngược lên khu vực tầng trệt. - Khó khăn: Vị trí đặt bể phốt nằm sâu phía trong góc nhà, đường ống dẫn dài nhiều khúc cua và xe hút chuyên dụng không thể tiếp cận trực tiếp mà phải đỗ cách xa hơn 70 mét. - Cách xử lý: Đội ngũ kỹ thuật MTX Toàn Việt tiến hành khảo sát, sử dụng hệ thống ống nối mềm áp lực cao kết hợp máy lò xo thông nghẹt để làm sạch đường ống dẫn trước, sau đó dùng xe hút chân không công suất lớn để xử lý triệt để chất thải trong bể. - Kết quả: Bể phốt được hút sạch hoàn toàn, hệ thống thoát nước hoạt động trơn tru trở lại, không gian quán được trả lại sự thông thoáng và sạch sẽ. - Ảnh/video/phiếu nghiệm thu: (Cập nhật hình ảnh thực tế tại hiện trường, video quá trình thi công và phiếu nghiệm thu có chữ ký bàn giao) - Người xác nhận thông tin: Anh Nguyễn Văn Minh (Chủ cơ sở kinh doanh) CA 2: - Khu vực thi công: Khu đô thị Vinhomes Riverside, phường Phúc Lợi, quận Long Biên, Hà Nội - Thời điểm: Chiều ngày 15/03/2025 - Công trình: Biệt thự liền kề cao cấp - Hiện trạng: Tình trạng ngập nước cục bộ tại khu vực phòng vệ sinh tầng âm, có hiện tượng trào ngược chất thải nhẹ khi sử dụng đồng thời nhiều thiết bị vệ sinh. - Khó khăn: Khu vực khuôn viên biệt thự có yêu cầu rất khắt khe về cảnh quan, không được làm ảnh hưởng đến thảm cỏ và sân vườn; nắp bể phốt được thiết kế ẩn dưới lớp gạch đá hoa cương kiên cố. - Cách xử lý: Thợ kỹ thuật sử dụng thiết bị dò tìm vị trí bể phốt chuyên dụng để hạn chế tối đa việc đục phá, tháo dỡ cẩn thận viên gạch bề mặt, dùng máy hút bùn sinh học công nghệ mới không gây tiếng ồn lớn. - Kết quả: Xử lý dứt điểm tình trạng đầy ứ, giữ gìn nguyên vẹn cảnh quan sân vườn của biệt thự, dọn dẹp sạch sẽ khu vực thi công trước khi bàn giao. - Ảnh/video/phiếu nghiệm thu: (Cập nhật hình ảnh thực tế tại hiện trường, video quá trình thi công và phiếu nghiệm thu có chữ ký bàn giao) - Người xác nhận thông tin: Chị Trần Thị Mai Hương (Đại diện gia chủ) CA 3: - Khu vực thi công: Phố Nguyễn Sơn, phường Ngọc Lâm, quận Long Biên, Hà Nội - Thời điểm: Sáng ngày 16/03/2025 - Công trình: Tòa nhà căn hộ dịch vụ mini cho thuê - Hiện trạng: Bể phốt lâu năm chưa được bảo dưỡng định kỳ, lượng bùn đáy đặc quánh gây tắc nghẽn toàn bộ hệ thống thoát nước chung của tòa nhà. - Khó khăn: Lượng người sinh hoạt đông đúc liên tục xả nước trong giờ cao điểm, nắp bể phốt bị kẹt cứng do lâu ngày không mở và bám cặn vữa xây dựng xung quanh. - Cách xử lý: Phối hợp với ban quản lý tòa nhà thông báo lịch tạm ngưng sử dụng ngắn hạn cho cư dân, tiến hànhạy máy sục khí áp lực cao để đánh tơi phần bùn đặc lâu năm rồi tiến hành hút sạch toàn bộ dung tích bể. - Kết quả: Bể phốt được làm sạch triệt để 100%, hệ thống thoát nước của toàn bộ các căn hộ lưu thông bình thường, đảm bảo vệ sinh môi trường cho tòa nhà. - Ảnh/video/phiếu nghiệm thu: (Cập nhật hình ảnh thực tế tại hiện trường, video quá trình thi công và phiếu nghiệm thu có chữ ký bàn giao) - Người xác nhận thông tin: Ông Lê Văn Hoàng (Quản lý vận hành tòa nhà) | L13: Giao dịch địa phương + so sánh trước khi gọi hút bể phốt tại Long Biên. Nhu cầu chính: xác định có cần hút bể hay xử lý nhánh tắc, tìm đơn vị nhận đúng địa chỉ và biết tổng tiền. Nhu cầu phụ: xe/ống có tiếp cận được, cần mở nắp gì, giờ làm, cách kiểm lượng, thử xả và bảo hành. Trước đặt dịch vụ phải rõ phạm vi, tính m³ hay khoán, khoản ngoài gói do ai duyệt và kết quả bàn giao. Đây là intent suy từ truy vấn/SERP, chưa có số liệu GSC hoặc tần suất cuộc gọi. | M13: NGHIÊN CỨU 16/10/2026 — HN-005 Google: truy vấn "hút bể phốt Long Biên", desktop, hl=vi, gl=vn, pws=0; chân trang Google xác định IP Cái Răng, Cần Thơ. Đây là thứ tự quan sát trong phiên này, không đại diện thứ hạng tại Hà Nội. Không tính quảng cáo, Maps/Local Pack, AI Overview/video. Quan sát 5/5 organic; đọc nội dung 5/5 (các mục chính; bảng ảnh nếu chưa đọc số được ghi riêng). #1 https://moitruongminhtam.vn/hut-be-phot-tai-long-bien-2946.html Minh Tâm: dấu hiệu/đơn vị/giá theo xe–m³+gói/FAQ/6bước/cam kết/bảo trì; trả lời ngõ, giấy tờ và lịch cơ sở; gói≤3m³700–900k khác bảng theo xe cần nêu căn cứ. Chưa thấy biên bản lượng đầu/cuối hoặc ca có ngày; nội dung tự gọi5bước nhưng H2 là6bước, hứa15–30/30–45phút. #2 https://moitruonghoangbach.vn/hut-be-phot-long-bien/ Hoàng Bách:95%tin dùng/ba cam kết/giá2024/quy trình/5FAQ; phân bùn sinh hoạt với công nghiệp và yếu tố đường vào.95%,99%,100%,15phút và10năm chỉ là tuyên bố, chưa có nguồn khảo sát/hồ sơ; thiếu cách đo lượng, lịch cơ sở và ca có ngày. #3 https://bkenvico.com/hut-be-phot-tai-long-bien/ BK: dấu hiệu/lợi ích/chọn đơn vị/phạm vi/giá m³+xe/quy trình/case Thạch Bàn; mạnh bước thử xả, báo trước; case40phút không ngày/lượng/phiếu, thiếu cách trừ nước rửa và số đầu/cuối, tuyên bố5năm không thay chính sách Toàn Việt. #4 https://kienmoitruong.com/hut-be-phot-tai-long-bien/ Kiến: nguyên nhân/phân hút–thông/phạm vi/6bảng giá/yếu tố/7bước/case Ngọc Lâm/FAQ; tốt ở khảo sát trước điều xe và người duyệt ngoài báo giá. Bảng gọi khoán nhưng đơn vị m³, đoạn theo xe lại gọi m³; ca4m³/65m/45phút thiếu ngày/phiếu và phép đo; hứa không mở nền tuyệt đối/10phút chưa có chứng cứ. #5 https://hutbephotvietphat.vn/hut-be-phot-tai-long-bien-bid3152.html Việt Phát: tiêu chí/giá/bảo trì/đơn vị/quy trình/lưu ý; bảng cơ quan<1m³600k,1–5350–490k không được suy cho gia đình;100k/xe tiêu đề chưa giải thích, nhiều H1, thiếu cách đo và ca, địa bàn13phường không cùng mốc bảng14phường. BÀI MÌNH: https://dichvuhuthamcau.vn/hut-be-phot-tai-long-bien/ — đã đọc live toàn bộ nội dung chính, title, meta, H1/H2/H3, giá, phương án, ca, FAQ, CTA và liên kết ngày16/10/2026. Quan sát chắc: FAQ hỏi kho, thay nắp nhưng ba ca lại là nhà Nguyễn Văn Cừ/quán Thạch Bàn/biệt thự Việt Hưng; không dùng FAQ như bằng chứng đã làm kho/thay nắp. Có câu 'Chi phí trong ba ca' nhưng phần ca không công bố tiền; đối chiếu nguồn trước sửa. J13 là Lâm Du/Vinhomes/Nguyễn Sơn 2025, khác live tháng 3/2026. Cần bảo toàn: 341 Nguyễn Văn Cừ; ca live 2,5/3,8/4,2 m³, phương pháp xác nhận được công bố và giới hạn bàn giao; chính sách chung. NỘI BỘ — đối chiếu bổ sung 16/10/2026: đã đọc đầy đủ nội dung chính của cả 3 URL gốc O13: - https://dichvuhuthamcau.vn/hut-be-phot-tai-ha-noi/ - https://dichvuhuthamcau.vn/thong-tac-cong-tai-long-bien/ - https://dichvuhuthamcau.vn/thong-tac-bon-cau-tai-long-bien/ Đã đọc thêm bảng giá và chính sách bảo hành chính thức. Quan sát trực tiếp: Bài cống và bồn cầu đều mở bằng mô tả phía đông sông Hồng/kho/xưởng/ven sông, cùng ý cổng và luồng xe. Bồn cầu Gia Thụy/Vinhomes Riverside/Ngọc Lâm ghi minh họa J75; không lấy làm ca hút. Kiểm tra đoạn dài từ 90 ký tự trở lên: có 3 đoạn của bài hiện tại xuất hiện nguyên văn ở ít nhất một bài O (đếm mỗi đoạn một lần, không phải % trùng toàn bài). Ví dụ phần giá/bảo hành/điều phối dùng chung; các mô-típ mở bài 'nên bắt đầu bằng việc mô tả đúng biểu hiện' và khối chuẩn bị địa chỉ giống về ý. Chỉ thay tên hoặc từ đồng nghĩa không giải quyết trùng ý. Đây là nhận định biên tập, không là kết luận Google phạt trùng lặp. Phân vai: chính sách thật về bảng giá, phiếu, hotline và điều kiện bảo hành được phép nhất quán; hub giải thích chính sách và lựa chọn dịch vụ; bài địa bàn bổ sung khảo sát tiếp cận, hệ thống thực tế và hồ sơ đúng ca. Bài Long Biên phải làm sâu: Mặt bằng còn hoạt động: cổng, luồng xe và người bàn giao. Không nhập ca của dịch vụ khác, không coi tên quận/phường là bằng chứng có trạm trực. NGUỒN DOANH NGHIỆP: J13 và Hồ sơ case đúng mã đã đọc, giữ nguyên nhãn minh họa/chờ xác nhận; chưa tiếp cận tệp gốc ảnh/video/phiếu. Nhãn Khôi xác nhận trên live giữ nguyên; tình trạng hồ sơ Sheet chưa đầy đủ không phủ nhận dữ kiện đã được chủ máy duyệt. Phạm vi điều phối B9:O23 được đối chiếu; phần chưa có xác nhận không tự tạo điểm xe hoặc thời gian đến. Phường xã cũ: dùng mốc lịch sử30/06/2025, không cộng526+78 thành604 đơn vị đồng thời; chưa đối chiếu toàn bộ từng địa danh với nguồn nhà nước trong lượt này. MỨC CHẮC CHẮN: cấu trúc/lỗi/câu đã đăng là quan sát trực tiếp, cao. Intent và hướng M là suy luận biên tập, cần kiểm chứng bằng truy vấn/cuộc gọi. Khoảng trống đối thủ nêu trên dựa trên5URL đã đọc, không là bằng chứng khách hàng Toàn Việt. GSC: connector báo payment_required (trial hết/gói chưa hoạt động); chưa lấy được dữ liệu đúng URL, kỳ đo/bộ lọc chưa áp dụng; không có volume, clicks, impressions, CTR hay thứ hạng GSC. Chưa đọc log cuộc gọi/tin nhắn hoặc khảo sát khách hàng; không tạo tần suất. MA TRẬN CHỦ ĐỀ → HÀNH ĐỘNG (đề xuất, chưa sửa website): 1) Chọn đúng dịch vụ: đối thủ #1–#5 trả lời nguyên nhân/dấu hiệu ở mức khác nhau như ghi trên; không dùng một biểu hiện làm chẩn đoán. Bài mình đã có phân loại, cần làm sâu 'Mặt bằng còn hoạt động: cổng, luồng xe và người bàn giao'. Bổ sung câu hỏi và ranh giới riêng/chung trong H2 đầu + H2 trọng tâm N; căn cứ nguồn live/I và 3URL O, khảo sát thực tế khi chưa rõ. 2) Giá/tổng tiền: phần đã có hoặc thiếu đơn vị ở từng đối thủ xem #1–#5. Bài mình giữ bảng m³/khoán, mức tối thiểu và cách đọc mức đầu/cuối do Khôi nêu; gộp bảng lặp, nêu phần trong gói, ngoài gói và người duyệt trong N/AA; nghiệm thu bằng báo giá/phiếu đúng hạng mục, không mượn giá đối thủ. 3) Thiết bị/kết quả: đối thủ có nhiều lời hứa không đục phá, đến nhanh hoặc % sạch; chỗ có phép thử/camera đã ghi riêng. Bài mình giữ quy trình thật nhưng thêm điều kiện chọn máy/xe và giới hạn kết cấu; ghi lượng thực tế, nước thêm và từng chuyến, thử nhánh liên quan. Hồ sơ cần báo giá, ảnh trước–sau và biên nhận; chỉ dùng thông số máy đang có nguồn. 4) Bằng chứng/địa bàn: case/điểm trực của đối thủ là tuyên bố trên website, chưa kiểm chứng độc lập. Bài mình có dữ kiện đã duyệt phải giữ: 341 Nguyễn Văn Cừ; ca live 2,5/3,8/4,2 m³, phương pháp xác nhận được công bố và giới hạn bàn giao; chính sách chung. Nêu nhãn minh họa/doanh nghiệp xác nhận, nối phiếu/ảnh/người duyệt; bài địa bàn dùng điều kiện tiếp cận cụ thể, hub dẫn tới địa bàn. Các khoảng thiếu còn lại tại AB; không ghi nghiệm thu D01/D02 tự động. | N13: TRỌNG TÂM ĐỀ XUẤT: Hút bể cho nhà và cơ sở đang hoạt động: quyền tiếp cận, tuyến xe và bàn giao mặt bằng từng hạng mục. Lý do: Live đã phân bể chung, kho, cơ sở giáo dục và vai trò người quản lý; cần đưa bảng việc được duyệt vào quyết định đặt dịch vụ. Giá trị riêng cần làm thành bảng kiểm/phạm vi được duyệt: Tách xe vận chuyển khỏi ống/nắp mở; ai mở sân; quyền ngừng sử dụng; phần thay nắp hoặc hoàn thiện báo riêng. Dữ liệu còn cần: hồ sơ gốc nối với từng ca, người duyệt, ảnh/video trước–sau, cách xác nhận lượng hút và từng chuyến xe; xác nhận chính xác điểm/giờ phục vụ khi có mâu thuẫn. Không dùng ca minh họa như công trình thật, không lấy năng lực hay chính sách đối thủ gán cho Toàn Việt. Giữ chính sách chung nhất quán, mở sâu phần khách cần kiểm chứng. | O13: DÀN Ý ĐỀ XUẤT SỬA BÀI16/10/2026 — đã đối chiếu Top5 đọc được; website CHƯA được sửa theo dàn ý. Mở bài/khối nhanh: dịch vụ đúng Long Biên, biểu hiện cần mô tả, điều kiện nhận việc, CTA gọi/Zalo; tránh lặp từ khóa và hứa giờ đến tuyệt đối. H2: Khi nào cần hút bể, khi nào kiểm tra nhánh tắc trước — mục đích chọn đúng dịch vụ, không chẩn đoán chỉ từ mùi hoặc nước rút chậm. H3: Một điểm hay nhiều điểm cùng bất thường, lịch hút/thông trước, biểu hiện sau mưa và thiết bị còn dùng bình thường. H3: Phân bùn trong bể, ống nghẹt, đầu ra/ống khí và nghi rò kết cấu; hỏi dữ kiện rồi khảo sát. H3: Tạm ngừng xả ở điểm trào, gửi ảnh/mô tả; không tự xuống bể/ga, không trộn hóa chất. H2: Mặt bằng còn hoạt động: cổng, luồng xe và người bàn giao — mục đích xử lý quyết định riêng của bài. H3: Thông tin khảo sát và người phối hợp: Tách xe vận chuyển khỏi ống/nắp mở; ai mở sân; quyền ngừng sử dụng; phần thay nắp hoặc hoàn thiện báo riêng. H3: Ghi phạm vi đã đồng ý, phần còn cần kiểm tra và điều kiện bàn giao; ví dụ chỉ dùng nguồn live đúng nhãn, không biến giả thuyết thành ca thật. H2: Giá hút bể: m³ thực tế hay khoán, khách duyệt khoản nào — mục đích dự toán đúng và kiểm soát phần phát sinh. H3: Một bảng giá hiện hành có ngày áp dụng, mức tối thiểu dưới1m³ và bậc1–3/>3–6/>6–10/>10; dẫn bảng giá chính thức. Dải1–10 chọn bậc theo tổng lượng thực tế, không tính lũy tiến; trên10 khảo sát. H3: Dung tích thiết kế, lượng ước tính và lượng lên xe khác nhau; khoán phải ghi phạm vi/giới hạn, không thu lại m³ cho phần đã khoán. H3: Ống xa, ca đêm, phá mỡ, dò/mở nắp/hoàn trả: tách khoản, điều kiện và người duyệt trước làm; số lịch sử của ca giữ đúng ngày, không tính lại bằng giá hôm nay. H2: Phương án xe, cửa thăm và từng ngăn theo hiện trạng — mục đích biết vì sao chọn phương án, phần nào nằm trong báo giá. H3: Xe nhỏ/lớn, điểm dừng và tuyến ống cần khảo sát thực địa; không suy mọi ngõ đều vào được. H3: Cửa thăm sẵn có, nắp bị che, bùn đặc và tuyến bếp: tách hạng mục, xin duyệt trước mở hoặc thông thêm. H3: Bảo vệ lối chung, sàn/tài sản và lịch ngừng xả; không hứa không đục phá trong mọi tình huống. H2: Xác nhận lượng hút và thử lại trước ký phiếu — mục đích biến cam kết thành bước khách chứng kiến. H3: Theo hướng dẫn Khôi tại hub Hà Nội: đọc mức đầu/cuối cùng xe qua kính/thang1hoặc0,5m³, ghi từng chuyến; thống nhất trước cách ghi nước sục rửa. Không dùng kích thước thiết kế hay ước lượng làm lượng thanh toán. H3: Kiểm tra từng ngăn/nhánh liên quan, nắp đã hoàn trả, phần còn tắc/rò phải ghi riêng. H3: Đối chiếu báo giá, tổng tiền, người ký và phiếu theo hạng mục; hút tối đa12tháng theo phiếu, tách lỗi thi công với nứt/rò/nước ngầm; hẹn kiểm tra theo chính sách, không hứa sửa xong trong24h. H2: Phạm vi triển khai và chuẩn bị địa chỉ Long Biên — mục đích xác nhận nhận việc và khả năng tiếp cận. H3: Tên địa bàn cũ chỉ là tra cứu theo mốc30/06/2025; dùng địa chỉ hiện hành và ghim đúng cổng. H3: Người mở cửa thăm/ga, người duyệt chi phí, vị trí xe/máy và khung giờ có thể ngừng xả. H3: Điểm trực và ETA chỉ dùng thông tin đã được doanh nghiệp xác nhận; địa bàn ngoài phạm vi hub cần điều phối xác nhận riêng. H2: Ba ca/tình huống đang đăng và tư liệu kèm theo — mục đích chứng minh đúng phần việc, không thay bằng bộ J khác. H3: Ca 1: Ngõ208 Nguyễn Văn Cừ — giữ nguồn/ngày/số liệu đã duyệt; liên kết hồ sơ, ảnh/video trước–sau và phiếu đúng ca. H3: Ca 2: Quán ăn Thạch Bàn — giữ nguồn/ngày/số liệu đã duyệt; liên kết hồ sơ, ảnh/video trước–sau và phiếu đúng ca. H3: Ca 3: Biệt thự Việt Hưng — giữ nguồn/ngày/số liệu đã duyệt; liên kết hồ sơ, ảnh/video trước–sau và phiếu đúng ca. Hồ sơ case trên Sheet còn chờ tệp gốc/liên kết xác minh; nhãn doanh nghiệp hoặc Khôi đã xác nhận trên live vẫn phải bảo toàn. Không tự hạ/xóa dữ kiện đã duyệt. Ảnh minh họa phải ghi minh họa; ảnh công trình cần nguồn, người duyệt và caption đúng phần việc. Không dùng review sao/rating bài làm đánh giá khách thật. H2: Câu hỏi còn ảnh hưởng quyết định và đặt lịch — mục đích trả lời phần chưa rõ, tránh lặp thân bài. H3: Hút rồi vẫn thoát chậm thì kiểm tra phần nào? H3: Không biết vị trí nắp hoặc lượng bể thì chuẩn bị gì? H3: Giá đã gồm mở/hoàn trả và hạng mục ngoài gói chưa; phải có mặt hay cử người đại diện? H3: Đặt lịch qua0943.789.121/Zalo: gửi địa chỉ/ghim/ảnh, người phụ trách, giờ có thể ngừng xả và hóa chất đã dùng. Liên kết nội bộ đúng intent từ O; chính sách dài dẫn hub/bảng giá/bảo hành, không chép nguyên toàn bộ. BỐ TRÍ LIÊN KẾT NỘI BỘ ĐÃ ĐỐI CHIẾU16/10/2026: - https://dichvuhuthamcau.vn/hut-be-phot-tai-ha-noi/ — đặt ở phần chính sách giá/đo lượng hoặc điều phối tổng quan. - https://dichvuhuthamcau.vn/thong-tac-cong-tai-long-bien/ — đặt khi khảo sát cho thấy nhánh cống/ga cần thông riêng. - https://dichvuhuthamcau.vn/thong-tac-bon-cau-tai-long-bien/ — đặt khi điểm nghẹt nằm ở bồn/cổ bồn hoặc cần lấy dị vật, không mặc định phải tháo. Phần câu hỏi/tháo bồn chi tiết thuộc bài bồn cầu; trường hợp hỏng ống phải ghi giới hạn và xin duyệt hạng mục riêng. Đây là bố trí đề xuất cho bản sửa. | P13: https://dichvuhuthamcau.vn/hut-be-phot-tai-ha-noi/ https://dichvuhuthamcau.vn/thong-tac-cong-tai-long-bien/ https://dichvuhuthamcau.vn/thong-tac-bon-cau-tai-long-bien/ https://dichvuhuthamcau.vn/bang-gia/ https://dichvuhuthamcau.vn/chinh-sach-bao-hanh/ | Q13: FALSE | R13: FALSE | S13: =SUMIFS('Hồ sơ case'!$AE$9:$AE$287,'Hồ sơ case'!$B$9:$B$287,B13) -> 0 | T13: FALSE | U13: FALSE | V13: FALSE | W13: FALSE | X13: FALSE | Y13: =IF(AND(Q13=TRUE,R13=TRUE,S13=3,T13=TRUE,U13=TRUE,V13=TRUE,W13=TRUE,X13=TRUE,Z13<>"",AA13>0,AD13<>"Chưa xác định",AD13<>""),"Đủ bước, chờ nghiệm thu","Còn bước hoặc dữ liệu") -> Còn bước hoặc dữ liệu | AB13: D01–QA10. Đọc bài hiện tại, sửa câu lỗi. Làm rõ cần hút hay kiểm tra/thông, giá theo lượng/khoán và cách xác nhận. Bổ sung3case đúng địa bàn, bảng phường cũ, phạm vi và điều xe có nguồn. Thiết kế luồng riêng theo brief. BỔ SUNG16/10/2026 — HN-005: P1 — Lỗi tại vị trí quan sát: FAQ hỏi kho, thay nắp nhưng ba ca lại là nhà Nguyễn Văn Cừ/quán Thạch Bàn/biệt thự Việt Hưng; không dùng FAQ như bằng chứng đã làm kho/thay nắp. Có câu 'Chi phí trong ba ca' nhưng phần ca không công bố tiền; đối chiếu nguồn trước sửa. J13 là Lâm Du/Vinhomes/Nguyễn Sơn 2025, khác live tháng 3/2026. P1 — Giá và nghiệm thu: chỉ dùng lượng thực tế có cách đối chiếu khi tính m³; phân khoán/thiết kế/ước tính, ghi nước sục rửa và từng chuyến theo hướng dẫn Khôi ở hub, khoản phát sinh được duyệt trước. Không nghiệm thu bằng 'lượng dự kiến'. Lý do: khách cần đối chiếu tổng tiền và phần việc thực nhận. P1 — Bảo toàn dữ kiện: 341 Nguyễn Văn Cừ; ca live 2,5/3,8/4,2 m³, phương pháp xác nhận được công bố và giới hạn bàn giao; chính sách chung. Lập bảng đối chiếu J/live/Hồ sơ case, giữ nguồn/ngày/nhãn từng bộ; ca minh họa không là công trình thật; thiếu tệp gốc không làm mất hiệu lực dữ kiện chủ máy đã duyệt. Khôi/đầu mối cung cấp ảnh/video/phiếu, phép đo và quyền dùng tư liệu còn thiếu. P2 — Cấu trúc: triển khai trọng tâm M và dàn ý N, viết lại câu sai tự nhiên thay vì đảo từ hoặc đổi địa danh. Lý do: phần đang lặp không giúp chốt dịch vụ. Giữ chính sách chung thật nhất quán; loại diễn đạt tuyệt đối/định lượng chỉ sau đối chiếu nguồn và duyệt chỉnh sửa. P2 — Metadata/CTA/liên kết: bám đúng dịch vụ và điểm quyết định riêng; giữ URL I, dùng một H1 rõ. Canonical live đã thấy tự trỏ đúng URL I; robots meta có index,follow (kiểm DOM16/10/2026), chưa kiểm HTTP/robots.txt/Google index thực. Không suy truy cập được thành HTTP200/indexed. Không hứa ETA tuyệt đối; giữ hotline/phiếu/chính sách. P2 — D02: đã đối chiếu 3 URL gốc O13 và nguồn chính sách; nghiên cứu đối thủ theo đúng 5 vị trí ghi L13 (5/5 đọc nội dung chính). Ma trận chủ đề→bài mình→hành động/nguồn/điều kiện kiểm tra nằm ở L; triển khai theo N, không sao chép bố cục hoặc cam kết của đối thủ. P3 — Sau sửa (ngoài phạm vi lượt này): kiểm lại trang live, lỗi câu/ảnh/caption/link, giá và thử nghiệm thu mô tả; kiểm địa danh đúng mốc và hồ sơ ba ca. Chỉ quản lý nghiệm thu khi D01/D02 và hồ sơ đủ; không tự tích checkbox. P2 — Phân vai nội bộ sau đọc O: Bài cống và bồn cầu đều mở bằng mô tả phía đông sông Hồng/kho/xưởng/ven sông, cùng ý cổng và luồng xe. Bồn cầu Gia Thụy/Vinhomes Riverside/Ngọc Lâm ghi minh họa J75; không lấy làm ca hút. Giữ thông tin chính sách dùng chung; rút đoạn lặp và dẫn đúng dịch vụ theo chẩn đoán khảo sát, không tự xóa/chuyển dữ kiện đã duyệt. Điều kiện kiểm tra: mọi URL O gốc còn nguyên, liên kết đặt ở đoạn giải thích đúng phạm vi; trọng tâm 'Mặt bằng còn hoạt động: cổng, luồng xe và người bàn giao' có đầu vào khảo sát và kết quả có thể đối chiếu. | AC13: Chưa có3case xác minh; chờ Khôi bổ sung hồ sơ. Đối chiếu16/10/2026: J và bộ ca live không đồng nhất; cần hồ sơ nối từng ca và người xác nhận trước chọn bộ cho bản sửa. Hồ sơ Sheet đang chờ không phải căn cứ phủ nhận dữ kiện Khôi đã duyệt trên live. GSC chưa lấy được do connector yêu cầu gói hoạt động; chưa có log cuộc gọi/tin nhắn/nguồn tần suất. Đây là giới hạn nguồn, không được tạo số liệu. Top5 đã đọc; các tuyên bố/số liệu của đối thủ chưa có hồ sơ gốc chỉ dùng đánh giá nội dung. Đã đọc đủ 3URL gốc O và đối chiếu phân vai/đoạn trùng ngày16/10/2026; phần này không còn là vướng mắc. Phần địa danh/điểm trực/kỹ thuật có nghi vấn cụ thể xem AA; chỉ xác minh phần thiếu hoặc mâu thuẫn, không đòi duyệt lại toàn bộ chính sách đã có nguồn. Chưa kiểm HTTP/robots.txt/index thực; không coi D01 kỹ thuật đã hoàn tất. | AD13: Chưa xác định | AE13: https://dichvuhuthamcau.vn/hut-be-phot-tai-long-bien/ —16/10/2026: đã đọc toàn bộ nội dung chính live +metadata/H1/H2/H3/FAQ/CTA/link; canonical/robots meta kiểm DOM; không sửa website. https://dichvuhuthamcau.vn/hut-be-phot-tai-ha-noi/ —16/10/2026: đã đọc nội dung chính, dùng phân vai/chính sách. https://dichvuhuthamcau.vn/thong-tac-cong-tai-long-bien/ —16/10/2026: đã đọc nội dung chính, dùng phân vai/chính sách. https://dichvuhuthamcau.vn/bang-gia/ —16/10/2026: đã đọc nội dung chính, dùng phân vai/chính sách. https://dichvuhuthamcau.vn/chinh-sach-bao-hanh/ —16/10/2026: đã đọc nội dung chính, dùng phân vai/chính sách. https://moitruongminhtam.vn/hut-be-phot-tai-long-bien-2946.html —16/10/2026: đã đọc nội dung bài/H2/H3; https://moitruonghoangbach.vn/hut-be-phot-long-bien/ —16/10/2026: đã đọc nội dung bài/H2/H3; https://bkenvico.com/hut-be-phot-tai-long-bien/ —16/10/2026: đã đọc nội dung bài/H2/H3; https://kienmoitruong.com/hut-be-phot-tai-long-bien/ —16/10/2026: đã đọc nội dung bài/H2/H3; https://hutbephotvietphat.vn/hut-be-phot-tai-long-bien-bid3152.html —16/10/2026: đã đọc nội dung bài/H2/H3; https://dichvuhuthamcau.vn/thong-tac-bon-cau-tai-long-bien/ —16/10/2026: đã đọc toàn bộ nội dung chính/H2/H3/giá/ca/FAQ để phân vai và đối chiếu đoạn trùng; không sửa bài tham khảo. | AF13: =IF(AND(A13=TRUE,Y13="Đủ bước, chờ nghiệm thu"),1,0) -> 0
A14: FALSE | B14: HN-006 | C14: Cầu Giấy | D14: Hút bể phốt | E14: Đăng | F14: Chưa làm | G14: Hà Nội trước | J14: https://dichvuhuthamcau.vn/hut-be-phot-tai-cau-giay/ | K14: CA 1: - Khu vực thi công: Ngõ 165 Cầu Giấy, phường Dịch Vọng, quận Cầu Giấy, Hà Nội - Thời điểm: Sáng ngày 14/10/2023 - Công trình: Nhà trọ 5 tầng - Hiện trạng: Bể phốt bị đầy ứ, nước thải thoát chậm, bốc mùi hôi khó chịu ở khu vực tầng trệt và nhà vệ sinh chung. - Khó khăn: Ngõ vào nhỏ hẹp, xe hút chuyên dụng không thể tiếp cận trực tiếp mà phải đỗ cách xa hơn 70 mét, đòi hỏi hệ thống ống dẫn dài. - Cách xử lý: Sử dụng xe chuyên dụng đỗ ngoài mặt phố lớn, kết nối hệ thống ống hút siêu dài nối tiếp qua ngõ sâu, kết hợp phương pháp sục khí áp lực cao để làm mềm lớp bùn đáy lâu năm trước khi tiến hành hút sạch. - Kết quả: Toàn bộ chất thải được xử lý triệt để, hệ thống thoát nước hoạt động trơn tru trở lại, khu vực thi công được vệ sinh sạch sẽ, không để lại mùi hôi. - Ảnh/video/phiếu nghiệm thu: [Đã ghi hình quá trình kết nối ống dẫn và lập biên bản bàn giao có chữ ký đại diện chủ nhà] - Người xác nhận thông tin: Ông Nguyễn Văn Hùng (Chủ nhà trọ) CA 2: - Khu vực thi công: Đường Trần Thái Tông, phường Dịch Vọng Hậu, quận Cầu Giấy, Hà Nội - Thời điểm: Chiều ngày 22/11/2023 - Công trình: Văn phòng công ty cho thuê - Hiện trạng: Đường ống thoát từ các phòng vệ sinh các tầng bị tắc nghẽn cục bộ do tràn bể phốt, gây ảnh hưởng đến hoạt động làm việc của nhân viên. - Khó khăn: Nắp bể phốt nằm sâu dưới sàn gỗ của phòng họp lớn, việc tiếp cận đòi hỏi sự cẩn trọng để không làm hư hại kết cấu nội thất văn phòng. - Cách xử lý: Định vị chính xác vị trí nắp bể bằng thiết bị dò tìm chuyên dụng, tháo dỡ một phần sàn gỗ kỹ thuật, tiến hành hút sạch chất thải qua lỗ kỹ thuật nhỏ và lắp ráp hoàn trả nguyên trạng sàn gỗ sau khi hoàn thành. - Kết quả: Bể phốt được hút sạch hoàn toàn dung tích tồn đọng, các thiết bị vệ sinh hoạt động bình thường, văn phòng được trả lại không gian sạch sẽ đúng hạn. - Ảnh/video/phiếu nghiệm thu: [Hồ sơ ghi nhận hiện trạng sàn gỗ trước và sau khi xử lý kèm chữ ký xác nhận của bộ phận quảnดูแล tòa nhà] - Người xác nhận thông tin: Bà Lê Thị Mai (Quản lý hành chính văn phòng) CA 3: - Khu vực thi công: Khu đô thị mới Trung Hòa - Nhân Chính, phường Trung Hòa, quận Cầu Giấy, Hà Nội - Thời điểm: Đêm ngày 05/12/2023 - Công trình: Nhà hàng ẩm thực - Hiện trạng: Bể phốt quá tải vào giờ cao điểm kinh doanh, gây hiện tượng trào ngược nước thải tại khu vực bếp và nhà vệ sinh khách hàng. - Khó khăn: Thời gian thi công bị giới hạn nghiêm ngặt do nhà hàng hoạt động đến khuya, yêu cầu hoàn thành gấp rút trước buổi sáng hôm sau để không làm gián đoạn việc kinh doanh. - Cách xử lý: Huy động đội ngũ kỹ thuật túc trực ngay sau giờ đóng cửa của nhà hàng, sử dụng xe hút chân không công suất lớn kết hợp máy thông áp lực để làm sạch triệt để đường ống và bể chứa trong thời gian ngắn nhất. - Kết quả: Bể phốt được hút sạch sẽ, khu vực bếp và nhà vệ sinh được khử khuẩn, khử mùi kỹ lưỡng, bàn giao mặt hàng sạch sẽ đúng giờ mở cửa buổi sáng. - Ảnh/video/phiếu nghiệm thu: [Video ghi hình thực tế ban đêm và biên bản nghiệm thu dịch vụ ca đêm] - Người xác nhận thông tin: Anh Trần Đức Mạnh (Giám sát vận hành nhà hàng) | L14: Giao dịch địa phương + so sánh trước khi gọi hút bể phốt tại Cầu Giấy. Nhu cầu chính: xác định có cần hút bể hay xử lý nhánh tắc, tìm đơn vị nhận đúng địa chỉ và biết tổng tiền. Nhu cầu phụ: xe/ống có tiếp cận được, cần mở nắp gì, giờ làm, cách kiểm lượng, thử xả và bảo hành. Trước đặt dịch vụ phải rõ phạm vi, tính m³ hay khoán, khoản ngoài gói do ai duyệt và kết quả bàn giao. Đây là intent suy từ truy vấn/SERP, chưa có số liệu GSC hoặc tần suất cuộc gọi. | M14: NGHIÊN CỨU 16/10/2026 — HN-006 Google: truy vấn "hút bể phốt Cầu Giấy", desktop, hl=vi, gl=vn, pws=0; chân trang Google xác định IP Cái Răng, Cần Thơ. Đây là thứ tự quan sát trong phiên này, không đại diện thứ hạng tại Hà Nội. Không tính quảng cáo, Maps/Local Pack, AI Overview/video. Quan sát 5/5 organic; đọc nội dung 5/5 (các mục chính; bảng ảnh nếu chưa đọc số được ghi riêng). #1 https://moitruongminhtam.vn/hut-be-phot-tai-cau-giay-2890.html Minh Tâm: chu kỳ từng công trình/khung giờ/giá/gói bảo trì/đơn vị/5bước/dịch vụ/phạm vi; tốt ở lịch tòa nhà và hóa đơn. Chu kỳ văn phòng12–18tháng khác gói6tháng chưa giải thích, thiếu cách đo lượng và ca có ngày; tuyên bố không mùi/100% chưa có chứng cứ. #2 https://kienmoitruong.com/hut-be-phot-tai-cau-giay/ Kiến:5dấu hiệu/lợi ích/giá m³–khoán xe/6bước/case nhà nghỉ5tầng/FAQ; tốt ở khảo sát bể/tuyến rò; kết luận cứ có dấu hiệu là đầy quá tuyệt đối. Case85–90%,xe6khối,hơn1giờ thiếu ngày/địa chỉ/phiếu và lượng thực tế; bảo hành6–10năm chỉ là chính sách họ. #3 https://bkenvico.com/hut-be-phot-tai-cau-giay/ BK:5dấu hiệu/lợi ích/giá/quy trình/case nhà nghỉ5tầng/FAQ; hỏi ai có mặt và bàn giao; case tương đồng đáng kể mô tả Kiến85–90%,xe6khối,hơn1giờ, chưa có hồ sơ gốc nên không xem là hai bằng chứng độc lập. Thiếu kiểm lượng đầu/cuối và phạm vi bể mỡ. #4 https://thongtacconghanoi.net/hut-be-phot-tai-cau-giay/ Hưng Thịnh: dấu hiệu/lợi ích/giá xe–mỡ–cơ quan/bùn/6bước/phường/FAQ; phân nhiều loại chất thải, nhưng bảng cơ quan không suy cho cá nhân, một giá mỡ6–10khối bị thiếu số '.000'. Thiếu ca có ngày, cách đo lượng và khoản phê duyệt mở nắp. #5 https://hutbephotvietphat.vn/hut-be-phot-tai-cau-giay-bid3164.html Việt Phát: vai trò/thị trường/nhận biết lừa đảo/đối phó/đơn vị/quy trình; tốt ở bảng giá trước, phiếu, chứng từ và nhận diện người tới làm. Chưa giải thích phép đo khối lượng, thiếu case, tiêu đề100k/xe chưa rõ phạm vi và nhiều H1. BÀI MÌNH: https://dichvuhuthamcau.vn/hut-be-phot-tai-cau-giay/ — đã đọc live toàn bộ nội dung chính, title, meta, H1/H2/H3, giá, phương án, ca, FAQ, CTA và liên kết ngày16/10/2026. Quan sát chắc: Giữ riêng ca quán lẩu Trần Thái Tông 9/2026 (4 m³, 23h30) và ca cà phê/văn phòng cùng phố 3/2026 (4,1 m³); không nhập hai hồ sơ. Ca tháng 9 chưa nêu dụng cụ đối chiếu lượng và tổng tiền: chỉ thu thập phần thiếu, không hạ nhãn xác nhận của Khôi. J14 khác bộ live. Cần bảo toàn: Ca tháng 9 do Nguyễn Minh Khôi cung cấp và kiểm chứng, ảnh/caption có nguồn; bảng 8 phường cũ đúng mốc 30/06/2025; không tự thêm điểm trực khi live chỉ nêu điều phối. NỘI BỘ — đối chiếu bổ sung 16/10/2026: đã đọc đầy đủ nội dung chính của cả 3 URL gốc O14: - https://dichvuhuthamcau.vn/hut-be-phot-tai-ha-noi/ - https://dichvuhuthamcau.vn/thong-tac-cong-tai-cau-giay/ - https://dichvuhuthamcau.vn/thong-tac-bon-cau-tai-cau-giay/ Đã đọc thêm bảng giá và chính sách bảo hành chính thức. Quan sát trực tiếp: Bồn cầu tập trung tháo/lấy vật ở Trung Kính/Cầu Giấy/Xuân Thủy; cống tập trung pantry/nhánh–trục chung. Bài hút giữ phân bể vệ sinh với hố ga mỡ và ca Trần Thái Tông đúng nhãn, không nhập các ca thông vào bộ hút. Kiểm tra đoạn dài từ 90 ký tự trở lên: có 4 đoạn của bài hiện tại xuất hiện nguyên văn ở ít nhất một bài O (đếm mỗi đoạn một lần, không phải % trùng toàn bài). Ví dụ phần giá/bảo hành/điều phối dùng chung; các mô-típ mở bài 'nên bắt đầu bằng việc mô tả đúng biểu hiện' và khối chuẩn bị địa chỉ giống về ý. Chỉ thay tên hoặc từ đồng nghĩa không giải quyết trùng ý. Đây là nhận định biên tập, không là kết luận Google phạt trùng lặp. Phân vai: chính sách thật về bảng giá, phiếu, hotline và điều kiện bảo hành được phép nhất quán; hub giải thích chính sách và lựa chọn dịch vụ; bài địa bàn bổ sung khảo sát tiếp cận, hệ thống thực tế và hồ sơ đúng ca. Bài Cầu Giấy phải làm sâu: Bể vệ sinh và hố ga mỡ của nhà hàng cần chốt riêng. Không nhập ca của dịch vụ khác, không coi tên quận/phường là bằng chứng có trạm trực. NGUỒN DOANH NGHIỆP: J14 và Hồ sơ case đúng mã đã đọc, giữ nguyên nhãn minh họa/chờ xác nhận; chưa tiếp cận tệp gốc ảnh/video/phiếu. Nhãn Khôi xác nhận trên live giữ nguyên; tình trạng hồ sơ Sheet chưa đầy đủ không phủ nhận dữ kiện đã được chủ máy duyệt. Phạm vi điều phối B9:O23 được đối chiếu; phần chưa có xác nhận không tự tạo điểm xe hoặc thời gian đến. Phường xã cũ: dùng mốc lịch sử30/06/2025, không cộng526+78 thành604 đơn vị đồng thời; chưa đối chiếu toàn bộ từng địa danh với nguồn nhà nước trong lượt này. MỨC CHẮC CHẮN: cấu trúc/lỗi/câu đã đăng là quan sát trực tiếp, cao. Intent và hướng M là suy luận biên tập, cần kiểm chứng bằng truy vấn/cuộc gọi. Khoảng trống đối thủ nêu trên dựa trên5URL đã đọc, không là bằng chứng khách hàng Toàn Việt. GSC: connector báo payment_required (trial hết/gói chưa hoạt động); chưa lấy được dữ liệu đúng URL, kỳ đo/bộ lọc chưa áp dụng; không có volume, clicks, impressions, CTR hay thứ hạng GSC. Chưa đọc log cuộc gọi/tin nhắn hoặc khảo sát khách hàng; không tạo tần suất. MA TRẬN CHỦ ĐỀ → HÀNH ĐỘNG (đề xuất, chưa sửa website): 1) Chọn đúng dịch vụ: đối thủ #1–#5 trả lời nguyên nhân/dấu hiệu ở mức khác nhau như ghi trên; không dùng một biểu hiện làm chẩn đoán. Bài mình đã có phân loại, cần làm sâu 'Bể vệ sinh và hố ga mỡ của nhà hàng cần chốt riêng'. Bổ sung câu hỏi và ranh giới riêng/chung trong H2 đầu + H2 trọng tâm N; căn cứ nguồn live/I và 3URL O, khảo sát thực tế khi chưa rõ. 2) Giá/tổng tiền: phần đã có hoặc thiếu đơn vị ở từng đối thủ xem #1–#5. Bài mình giữ bảng m³/khoán, mức tối thiểu và cách đọc mức đầu/cuối do Khôi nêu; gộp bảng lặp, nêu phần trong gói, ngoài gói và người duyệt trong N/AA; nghiệm thu bằng báo giá/phiếu đúng hạng mục, không mượn giá đối thủ. 3) Thiết bị/kết quả: đối thủ có nhiều lời hứa không đục phá, đến nhanh hoặc % sạch; chỗ có phép thử/camera đã ghi riêng. Bài mình giữ quy trình thật nhưng thêm điều kiện chọn máy/xe và giới hạn kết cấu; ghi lượng thực tế, nước thêm và từng chuyến, thử nhánh liên quan. Hồ sơ cần báo giá, ảnh trước–sau và biên nhận; chỉ dùng thông số máy đang có nguồn. 4) Bằng chứng/địa bàn: case/điểm trực của đối thủ là tuyên bố trên website, chưa kiểm chứng độc lập. Bài mình có dữ kiện đã duyệt phải giữ: Ca tháng 9 do Nguyễn Minh Khôi cung cấp và kiểm chứng, ảnh/caption có nguồn; bảng 8 phường cũ đúng mốc 30/06/2025; không tự thêm điểm trực khi live chỉ nêu điều phối. Nêu nhãn minh họa/doanh nghiệp xác nhận, nối phiếu/ảnh/người duyệt; bài địa bàn dùng điều kiện tiếp cận cụ thể, hub dẫn tới địa bàn. Các khoảng thiếu còn lại tại AB; không ghi nghiệm thu D01/D02 tự động. | N14: TRỌNG TÂM ĐỀ XUẤT: Phân biệt bể vệ sinh với hố ga mỡ, lập phạm vi hút và nghiệm thu hai hệ thống riêng. Lý do: Bài live có ca nhà hàng Trần Thái Tông 9/2026 cùng ba ca 3/2026, phù hợp giải thích công phá mỡ và giờ làm thay vì thêm danh sách chung. Giá trị riêng cần làm thành bảng kiểm/phạm vi được duyệt: Thử bồn cầu khác thử bếp; lượng hỗn hợp mỡ/bùn không suy từ đèn soi; người quản lý duyệt công làm đêm/phá mỡ. Dữ liệu còn cần: hồ sơ gốc nối với từng ca, người duyệt, ảnh/video trước–sau, cách xác nhận lượng hút và từng chuyến xe; xác nhận chính xác điểm/giờ phục vụ khi có mâu thuẫn. Không dùng ca minh họa như công trình thật, không lấy năng lực hay chính sách đối thủ gán cho Toàn Việt. Giữ chính sách chung nhất quán, mở sâu phần khách cần kiểm chứng. | O14: DÀN Ý ĐỀ XUẤT SỬA BÀI16/10/2026 — đã đối chiếu Top5 đọc được; website CHƯA được sửa theo dàn ý. Mở bài/khối nhanh: dịch vụ đúng Cầu Giấy, biểu hiện cần mô tả, điều kiện nhận việc, CTA gọi/Zalo; tránh lặp từ khóa và hứa giờ đến tuyệt đối. H2: Khi nào cần hút bể, khi nào kiểm tra nhánh tắc trước — mục đích chọn đúng dịch vụ, không chẩn đoán chỉ từ mùi hoặc nước rút chậm. H3: Một điểm hay nhiều điểm cùng bất thường, lịch hút/thông trước, biểu hiện sau mưa và thiết bị còn dùng bình thường. H3: Phân bùn trong bể, ống nghẹt, đầu ra/ống khí và nghi rò kết cấu; hỏi dữ kiện rồi khảo sát. H3: Tạm ngừng xả ở điểm trào, gửi ảnh/mô tả; không tự xuống bể/ga, không trộn hóa chất. H2: Bể vệ sinh và hố ga mỡ của nhà hàng cần chốt riêng — mục đích xử lý quyết định riêng của bài. H3: Thông tin khảo sát và người phối hợp: Thử bồn cầu khác thử bếp; lượng hỗn hợp mỡ/bùn không suy từ đèn soi; người quản lý duyệt công làm đêm/phá mỡ. H3: Ghi phạm vi đã đồng ý, phần còn cần kiểm tra và điều kiện bàn giao; ví dụ chỉ dùng nguồn live đúng nhãn, không biến giả thuyết thành ca thật. H2: Giá hút bể: m³ thực tế hay khoán, khách duyệt khoản nào — mục đích dự toán đúng và kiểm soát phần phát sinh. H3: Một bảng giá hiện hành có ngày áp dụng, mức tối thiểu dưới1m³ và bậc1–3/>3–6/>6–10/>10; dẫn bảng giá chính thức. Dải1–10 chọn bậc theo tổng lượng thực tế, không tính lũy tiến; trên10 khảo sát. H3: Dung tích thiết kế, lượng ước tính và lượng lên xe khác nhau; khoán phải ghi phạm vi/giới hạn, không thu lại m³ cho phần đã khoán. H3: Ống xa, ca đêm, phá mỡ, dò/mở nắp/hoàn trả: tách khoản, điều kiện và người duyệt trước làm; số lịch sử của ca giữ đúng ngày, không tính lại bằng giá hôm nay. H2: Phương án xe, cửa thăm và từng ngăn theo hiện trạng — mục đích biết vì sao chọn phương án, phần nào nằm trong báo giá. H3: Xe nhỏ/lớn, điểm dừng và tuyến ống cần khảo sát thực địa; không suy mọi ngõ đều vào được. H3: Cửa thăm sẵn có, nắp bị che, bùn đặc và tuyến bếp: tách hạng mục, xin duyệt trước mở hoặc thông thêm. H3: Bảo vệ lối chung, sàn/tài sản và lịch ngừng xả; không hứa không đục phá trong mọi tình huống. H2: Xác nhận lượng hút và thử lại trước ký phiếu — mục đích biến cam kết thành bước khách chứng kiến. H3: Theo hướng dẫn Khôi tại hub Hà Nội: đọc mức đầu/cuối cùng xe qua kính/thang1hoặc0,5m³, ghi từng chuyến; thống nhất trước cách ghi nước sục rửa. Không dùng kích thước thiết kế hay ước lượng làm lượng thanh toán. H3: Kiểm tra từng ngăn/nhánh liên quan, nắp đã hoàn trả, phần còn tắc/rò phải ghi riêng. H3: Đối chiếu báo giá, tổng tiền, người ký và phiếu theo hạng mục; hút tối đa12tháng theo phiếu, tách lỗi thi công với nứt/rò/nước ngầm; hẹn kiểm tra theo chính sách, không hứa sửa xong trong24h. H2: Phạm vi triển khai và chuẩn bị địa chỉ Cầu Giấy — mục đích xác nhận nhận việc và khả năng tiếp cận. H3: Tên địa bàn cũ chỉ là tra cứu theo mốc30/06/2025; dùng địa chỉ hiện hành và ghim đúng cổng. H3: Người mở cửa thăm/ga, người duyệt chi phí, vị trí xe/máy và khung giờ có thể ngừng xả. H3: Điểm trực và ETA chỉ dùng thông tin đã được doanh nghiệp xác nhận; địa bàn ngoài phạm vi hub cần điều phối xác nhận riêng. H2: Ba ca/tình huống đang đăng và tư liệu kèm theo — mục đích chứng minh đúng phần việc, không thay bằng bộ J khác. H3: Ca 1: Dịch Vọng — giữ nguồn/ngày/số liệu đã duyệt; liên kết hồ sơ, ảnh/video trước–sau và phiếu đúng ca. H3: Ca 2: Trần Thái Tông — 3/2026 — giữ nguồn/ngày/số liệu đã duyệt; liên kết hồ sơ, ảnh/video trước–sau và phiếu đúng ca. H3: Ca 3: Nguyễn Phong Sắc — giữ nguồn/ngày/số liệu đã duyệt; liên kết hồ sơ, ảnh/video trước–sau và phiếu đúng ca. Giữ thêm ca Trần Thái Tông9/2026 (4m³,23h30) đã được Khôi xác nhận; đây là ca khác với Trần Thái Tông3/2026, không gộp. Hồ sơ case trên Sheet còn chờ tệp gốc/liên kết xác minh; nhãn doanh nghiệp hoặc Khôi đã xác nhận trên live vẫn phải bảo toàn. Không tự hạ/xóa dữ kiện đã duyệt. Ảnh minh họa phải ghi minh họa; ảnh công trình cần nguồn, người duyệt và caption đúng phần việc. Không dùng review sao/rating bài làm đánh giá khách thật. H2: Câu hỏi còn ảnh hưởng quyết định và đặt lịch — mục đích trả lời phần chưa rõ, tránh lặp thân bài. H3: Hút rồi vẫn thoát chậm thì kiểm tra phần nào? H3: Không biết vị trí nắp hoặc lượng bể thì chuẩn bị gì? H3: Giá đã gồm mở/hoàn trả và hạng mục ngoài gói chưa; phải có mặt hay cử người đại diện? H3: Đặt lịch qua0943.789.121/Zalo: gửi địa chỉ/ghim/ảnh, người phụ trách, giờ có thể ngừng xả và hóa chất đã dùng. Liên kết nội bộ đúng intent từ O; chính sách dài dẫn hub/bảng giá/bảo hành, không chép nguyên toàn bộ. BỐ TRÍ LIÊN KẾT NỘI BỘ ĐÃ ĐỐI CHIẾU16/10/2026: - https://dichvuhuthamcau.vn/hut-be-phot-tai-ha-noi/ — đặt ở phần chính sách giá/đo lượng hoặc điều phối tổng quan. - https://dichvuhuthamcau.vn/thong-tac-cong-tai-cau-giay/ — đặt khi khảo sát cho thấy nhánh cống/ga cần thông riêng. - https://dichvuhuthamcau.vn/thong-tac-bon-cau-tai-cau-giay/ — đặt khi điểm nghẹt nằm ở bồn/cổ bồn hoặc cần lấy dị vật, không mặc định phải tháo. Phần câu hỏi/tháo bồn chi tiết thuộc bài bồn cầu; trường hợp hỏng ống phải ghi giới hạn và xin duyệt hạng mục riêng. Đây là bố trí đề xuất cho bản sửa. | P14: https://dichvuhuthamcau.vn/hut-be-phot-tai-ha-noi/ https://dichvuhuthamcau.vn/thong-tac-cong-tai-cau-giay/ https://dichvuhuthamcau.vn/thong-tac-bon-cau-tai-cau-giay/ https://dichvuhuthamcau.vn/bang-gia/ https://dichvuhuthamcau.vn/chinh-sach-bao-hanh/ | Q14: FALSE | R14: FALSE | S14: =SUMIFS('Hồ sơ case'!$AE$9:$AE$287,'Hồ sơ case'!$B$9:$B$287,B14) -> 0 | T14: FALSE | U14: FALSE | V14: FALSE | W14: FALSE | X14: FALSE | Y14: =IF(AND(Q14=TRUE,R14=TRUE,S14=3,T14=TRUE,U14=TRUE,V14=TRUE,W14=TRUE,X14=TRUE,Z14<>"",AA14>0,AD14<>"Chưa xác định",AD14<>""),"Đủ bước, chờ nghiệm thu","Còn bước hoặc dữ liệu") -> Còn bước hoặc dữ liệu | AB14: D01–QA10. Đọc bài hiện tại, sửa câu lỗi. Làm rõ cần hút hay kiểm tra/thông, giá theo lượng/khoán và cách xác nhận. Bổ sung3case đúng địa bàn, bảng phường cũ, phạm vi và điều xe có nguồn. Thiết kế luồng riêng theo brief. BỔ SUNG16/10/2026 — HN-006: P1 — Lỗi tại vị trí quan sát: Giữ riêng ca quán lẩu Trần Thái Tông 9/2026 (4 m³, 23h30) và ca cà phê/văn phòng cùng phố 3/2026 (4,1 m³); không nhập hai hồ sơ. Ca tháng 9 chưa nêu dụng cụ đối chiếu lượng và tổng tiền: chỉ thu thập phần thiếu, không hạ nhãn xác nhận của Khôi. J14 khác bộ live. P1 — Giá và nghiệm thu: chỉ dùng lượng thực tế có cách đối chiếu khi tính m³; phân khoán/thiết kế/ước tính, ghi nước sục rửa và từng chuyến theo hướng dẫn Khôi ở hub, khoản phát sinh được duyệt trước. Không nghiệm thu bằng 'lượng dự kiến'. Lý do: khách cần đối chiếu tổng tiền và phần việc thực nhận. P1 — Bảo toàn dữ kiện: Ca tháng 9 do Nguyễn Minh Khôi cung cấp và kiểm chứng, ảnh/caption có nguồn; bảng 8 phường cũ đúng mốc 30/06/2025; không tự thêm điểm trực khi live chỉ nêu điều phối. Lập bảng đối chiếu J/live/Hồ sơ case, giữ nguồn/ngày/nhãn từng bộ; ca minh họa không là công trình thật; thiếu tệp gốc không làm mất hiệu lực dữ kiện chủ máy đã duyệt. Khôi/đầu mối cung cấp ảnh/video/phiếu, phép đo và quyền dùng tư liệu còn thiếu. P2 — Cấu trúc: triển khai trọng tâm M và dàn ý N, viết lại câu sai tự nhiên thay vì đảo từ hoặc đổi địa danh. Lý do: phần đang lặp không giúp chốt dịch vụ. Giữ chính sách chung thật nhất quán; loại diễn đạt tuyệt đối/định lượng chỉ sau đối chiếu nguồn và duyệt chỉnh sửa. P2 — Metadata/CTA/liên kết: bám đúng dịch vụ và điểm quyết định riêng; giữ URL I, dùng một H1 rõ. Canonical live đã thấy tự trỏ đúng URL I; robots meta có index,follow (kiểm DOM16/10/2026), chưa kiểm HTTP/robots.txt/Google index thực. Không suy truy cập được thành HTTP200/indexed. Không hứa ETA tuyệt đối; giữ hotline/phiếu/chính sách. P2 — D02: đã đối chiếu 3 URL gốc O14 và nguồn chính sách; nghiên cứu đối thủ theo đúng 5 vị trí ghi L14 (5/5 đọc nội dung chính). Ma trận chủ đề→bài mình→hành động/nguồn/điều kiện kiểm tra nằm ở L; triển khai theo N, không sao chép bố cục hoặc cam kết của đối thủ. P3 — Sau sửa (ngoài phạm vi lượt này): kiểm lại trang live, lỗi câu/ảnh/caption/link, giá và thử nghiệm thu mô tả; kiểm địa danh đúng mốc và hồ sơ ba ca. Chỉ quản lý nghiệm thu khi D01/D02 và hồ sơ đủ; không tự tích checkbox. P2 — Phân vai nội bộ sau đọc O: Bồn cầu tập trung tháo/lấy vật ở Trung Kính/Cầu Giấy/Xuân Thủy; cống tập trung pantry/nhánh–trục chung. Bài hút giữ phân bể vệ sinh với hố ga mỡ và ca Trần Thái Tông đúng nhãn, không nhập các ca thông vào bộ hút. Giữ thông tin chính sách dùng chung; rút đoạn lặp và dẫn đúng dịch vụ theo chẩn đoán khảo sát, không tự xóa/chuyển dữ kiện đã duyệt. Điều kiện kiểm tra: mọi URL O gốc còn nguyên, liên kết đặt ở đoạn giải thích đúng phạm vi; trọng tâm 'Bể vệ sinh và hố ga mỡ của nhà hàng cần chốt riêng' có đầu vào khảo sát và kết quả có thể đối chiếu. | AC14: Chưa có3case xác minh; chờ Khôi bổ sung hồ sơ. Đối chiếu16/10/2026: J và bộ ca live không đồng nhất; cần hồ sơ nối từng ca và người xác nhận trước chọn bộ cho bản sửa. Hồ sơ Sheet đang chờ không phải căn cứ phủ nhận dữ kiện Khôi đã duyệt trên live. GSC chưa lấy được do connector yêu cầu gói hoạt động; chưa có log cuộc gọi/tin nhắn/nguồn tần suất. Đây là giới hạn nguồn, không được tạo số liệu. Top5 đã đọc; các tuyên bố/số liệu của đối thủ chưa có hồ sơ gốc chỉ dùng đánh giá nội dung. Đã đọc đủ 3URL gốc O và đối chiếu phân vai/đoạn trùng ngày16/10/2026; phần này không còn là vướng mắc. Phần địa danh/điểm trực/kỹ thuật có nghi vấn cụ thể xem AA; chỉ xác minh phần thiếu hoặc mâu thuẫn, không đòi duyệt lại toàn bộ chính sách đã có nguồn. Chưa kiểm HTTP/robots.txt/index thực; không coi D01 kỹ thuật đã hoàn tất. | AD14: Chưa xác định | AE14: https://dichvuhuthamcau.vn/hut-be-phot-tai-cau-giay/ —16/10/2026: đã đọc toàn bộ nội dung chính live +metadata/H1/H2/H3/FAQ/CTA/link; canonical/robots meta kiểm DOM; không sửa website. https://dichvuhuthamcau.vn/hut-be-phot-tai-ha-noi/ —16/10/2026: đã đọc nội dung chính, dùng phân vai/chính sách. https://dichvuhuthamcau.vn/thong-tac-cong-tai-cau-giay/ —16/10/2026: đã đọc nội dung chính, dùng phân vai/chính sách. https://dichvuhuthamcau.vn/bang-gia/ —16/10/2026: đã đọc nội dung chính, dùng phân vai/chính sách. https://dichvuhuthamcau.vn/chinh-sach-bao-hanh/ —16/10/2026: đã đọc nội dung chính, dùng phân vai/chính sách. https://moitruongminhtam.vn/hut-be-phot-tai-cau-giay-2890.html —16/10/2026: đã đọc nội dung bài/H2/H3; https://kienmoitruong.com/hut-be-phot-tai-cau-giay/ —16/10/2026: đã đọc nội dung bài/H2/H3; https://bkenvico.com/hut-be-phot-tai-cau-giay/ —16/10/2026: đã đọc nội dung bài/H2/H3; https://thongtacconghanoi.net/hut-be-phot-tai-cau-giay/ —16/10/2026: đã đọc nội dung bài/H2/H3; https://hutbephotvietphat.vn/hut-be-phot-tai-cau-giay-bid3164.html —16/10/2026: đã đọc nội dung bài/H2/H3; https://dichvuhuthamcau.vn/thong-tac-bon-cau-tai-cau-giay/ —16/10/2026: đã đọc toàn bộ nội dung chính/H2/H3/giá/ca/FAQ để phân vai và đối chiếu đoạn trùng; không sửa bài tham khảo. | AF14: =IF(AND(A14=TRUE,Y14="Đủ bước, chờ nghiệm thu"),1,0) -> 0
A15: FALSE | B15: HN-007 | C15: Đống Đa | D15: Hút bể phốt | E15: Đăng | F15: Chưa làm | G15: Hà Nội trước | J15: https://dichvuhuthamcau.vn/hut-be-phot-tai-dong-da/ | K15: CA 1: - Khu vực thi công: Ngõ 167 Tây Sơn, phường Nam Đồng, quận Đống Đa, Hà Nội - Thời điểm: 08:30 sáng, ngày 12/10/2023 - Công trình: Nhà ở tập thể cũ 5 tầng - Hiện trạng: Bể phốt lâu năm chưa được hút định kỳ, nước thải bị trào ngược lên khu vực sàn nhà vệ sinh ở tầng 1, gây mùi hôi khó chịu ảnh hưởng đến sinh hoạt chung. - Khó khăn: Xe hút chuyên dụng không thể đi sâu vào ngõ nhỏ (rộng chưa tới 1,5m), đường ống dẫn chất thải từ vị trí đỗ xe đến bể phốt dài hơn 70 mét và đi qua nhiều khúc cua gấp. - Cách xử lý: Đội ngũ kỹ thuật của MTX Toàn Việt đã triển khai phương án kết nối nhiều cuộn ống áp lực cao chuyên dụng, sử dụng máy hút chân không công suất lớn đặt trên xe tải đậu ngoài mặt đường lớn để kéo dài đường ống vào tận công trình mà không làm ảnh hưởng đến giao thông ngõ xóm. - Kết quả: Toàn bộ chất thải lắng đọng và nước thải ứ đọng trong bể phốt đã được hút sạch hoàn toàn, hệ thống thoát nước hoạt động trơn tru trở lại, mặt bằng thi công được dọn dẹp sạch sẽ và khử mùi trước khi bàn giao. - Ảnh/video/phiếu nghiệm thu: (Ca minh họa - Hồ sơ nội bộ MTX Toàn Việt) - Người xác nhận thông tin: (Ca minh họa - Hồ sơ nội bộ MTX Toàn Việt) CA 2: - Khu vực thi công: Phố Chùa Bộc, phường Trung Tự, quận Đống Đa, Hà Nội - Thời điểm: 14:00 chiều, ngày 05/11/2023 - Công trình: Cửa hàng kinh doanh thời trang mặt phố - Hiện trạng: Bể phốt bị tắc nghẽn cục bộ do rác thải sinh hoạt và giấy vệ sinh tích tụ lâu ngày, gây ngập úng khu vực vệ sinh của khách hàng ngay trong giờ cao điểm kinh doanh. - Khó khăn: Vị trí nắp bể phốt nằm ngay phía dưới bục trưng bày sản phẩm kiên cố của cửa hàng, yêu cầu thao tác tháo dỡ và thi công phải cực kỳ cẩn thận để không làm hư hại cấu trúc nội thất xung quanh. - Cách xử lý: Kỹ thuật viên tiến hành khảo sát, tháo dỡ một phần tấm ốp chân tường và bục gỗ một cách khéo léo để tiếp cận nắp bể phốt, sau đó sử dụng máy lò xo thông tắc kết hợp xe hút áp lực để làm tơi rác thải và hút sạch triệt để. - Kết quả: Bể phốt được thông hút sạch sẽ, dòng chảy lưu thông bình thường, cấu trúc nội thất của cửa hàng được khôi phục nguyên trạng ngay sau khi hoàn thành công việc. - Ảnh/video/phiếu nghiệm thu: (Ca minh họa - Hồ sơ nội bộ MTX Toàn Việt) - Người xác nhận thông tin: (Ca minh họa - Hồ sơ nội bộ MTX Toàn Việt) CA 3: - Khu vực thi công: Ngõ Văn Chương, phường Văn Chương, quận Đống Đa, Hà Nội - Thời điểm: 20:15 tối, ngày 20/11/2023 - Công trình: Nhà dân kết hợp phòng trọ cho thuê - Hiện trạng: Bể phốt bị đầy vào thời điểm ban đêm, nước thải tràn ra khu vực sân chung của dãy trọ, gây bức xúc cho các hộ gia đình sinh sống tại đây và đòi hỏi phải xử lý gấp trong đêm. - Khó khăn: Không gian thi công chật hẹp, ánh sáng yếu do trời tối, yêu cầu thời gian xử lý nhanh gọn để không gây tiếng ồn lớn ảnh hưởng đến giờ nghỉ ngơi của các hộ dân xung quanh. - Cách xử lý: Đội phản ứng nhanh của MTX Toàn Việt điều phối xe hút mini cỡ nhỏ có độ ồn thấp, kết hợp hệ thống đèn chiếu sáng lưu động và thiết bị bơm hút chân không hiện đại để tiến hành xử lý nhanh chóng trong vòng chưa đầy 2 tiếng. - Kết quả: Giải quyết dứt điểm tình trạng tràn nước thải, khu vực sân chung được rửa sạch bằng hóa chất khử khuẩn chuyên dụng, mang lại sự yên tâm và hài lòng cho chủ nhà cùng các khách thuê trọ. - Ảnh/video/phiếu nghiệm thu: (Ca minh họa - Hồ sơ nội bộ MTX Toàn Việt) - Người xác nhận thông tin: (Ca minh họa - Hồ sơ nội bộ MTX Toàn Việt) | L15: Giao dịch địa phương + so sánh trước khi gọi hút bể phốt tại Đống Đa. Nhu cầu chính: xác định có cần hút bể hay xử lý nhánh tắc, tìm đơn vị nhận đúng địa chỉ và biết tổng tiền. Nhu cầu phụ: xe/ống có tiếp cận được, cần mở nắp gì, giờ làm, cách kiểm lượng, thử xả và bảo hành. Trước đặt dịch vụ phải rõ phạm vi, tính m³ hay khoán, khoản ngoài gói do ai duyệt và kết quả bàn giao. Đây là intent suy từ truy vấn/SERP, chưa có số liệu GSC hoặc tần suất cuộc gọi. | M15: NGHIÊN CỨU 16/10/2026 — HN-007 Google: truy vấn "hút bể phốt Đống Đa", desktop, hl=vi, gl=vn, pws=0; chân trang Google xác định IP Cái Răng, Cần Thơ. Đây là thứ tự quan sát trong phiên này, không đại diện thứ hạng tại Hà Nội. Không tính quảng cáo, Maps/Local Pack, AI Overview/video. Quan sát 5/5 organic; đọc nội dung 5/5 (toàn bộ nội dung chính; đoạn trùng nguyên văn đã đọc được đối chiếu). #1 https://moitruongminhtam.vn/hut-be-phot-tai-dong-da-2904.html Minh Tâm: giá/ưu đãi/bảo dưỡng/đơn vị/5bước/chính sách/phạm vi. Có thử WC, nắp, ống khí và hồ sơ hóa đơn; thiếu lượng đầu/cuối, nước rửa và ca có ngày.15–30phút, hoàn tiền100%,5năm là tuyên bố dịch vụ, không gán cho Toàn Việt. #2 https://alothongtac.com/hut-be-phot-tai-dong-da/ Alo: tập thể cũ–F&B–ngõ/dấu hiệu/hậu quả/máy/giá/chống gian lận/6bước/21phường/FAQ/bảo trì. Có kính vạch xe và cảnh báo nước có sẵn, m³ hay khoán; chưa mô tả biên bản đầu/cuối/nước thêm, thiếu ca kèm phiếu.200mống,99%,50.000hộ và lịch23–5h chưa có chứng cứ gốc. #3 https://bkenvico.com/hut-be-phot-tai-dong-da/ BK: dấu hiệu/đơn vị/đội xe/giá/5bước/phạm vi/case Thái Hà/bảo dưỡng/FAQ; tốt ở ETA tùy giao thông, ai có mặt và thử xả. Case40phút thiếu ngày/lượng đo/phiếu; nói giải thích lượng chưa chỉ cách khách đối chiếu đầu/cuối. #4 https://kienmoitruong.com/hut-be-phot-tai-dong-da/ Kiến: dấu hiệu/giá6nhóm/6bước/đội xe/cần mở nền/case Thái Hà9/2026/xử lý chất thải/chống gian lận/bảo trì/FAQ. Có xin duyệt văn bản trước mở nền và case4,7m³1.410.000đ,xe5m³; còn thiếu hồ sơ đo gốc/ảnh/phiếu, bảng trọn xe có dòng300k/khối đặt đơn vị xe chưa rõ. #5 https://hutbephotvietphat.vn/hut-be-phot-tai-dong-da-bid3178.html → URL cuối: https://hutbephotvietphat.vn/hut-be-phot-tai-dong-da-bid3178.html?kt=1 Việt Phát: vì sao chọn/tiêu chí kinh nghiệm–máy–tiến độ–tác phong–bảo hành–giá/đơn vị. Có m³ hoặc khoán và yêu cầu trao đổi phí ngoài; thiếu phép đo và ca thực, nhiều H1,35k/m³ tiêu đề chưa giải thích điều kiện so với bảng. BÀI MÌNH: https://dichvuhuthamcau.vn/hut-be-phot-tai-dong-da/ — đã đọc live toàn bộ nội dung chính, title, meta, H1/H2/H3, giá, phương án, ca, FAQ, CTA và liên kết ngày16/10/2026. Quan sát chắc: Rà các câu tuyệt đối ở ba ca tháng 3 như 'hút sạch toàn bộ', 'hoàn toàn thông suốt' theo tiêu chí nghiệm thu có nguồn. Bộ J15 ghi minh họa 2023 khác bộ live tháng 3/2026 và ca Văn Chương 8/2026; không chuyển ngày hoặc gộp công trình. Cần bảo toàn: 276 Tây Sơn; ca Văn Chương được xác nhận, 1,5 m³ và phụ phí 1,5 triệu; 17 phường tại 30/06/2025 và giải thích lịch sử Trung Tự. NỘI BỘ — đối chiếu bổ sung 16/10/2026: đã đọc đầy đủ nội dung chính của cả 3 URL gốc O15: - https://dichvuhuthamcau.vn/hut-be-phot-tai-ha-noi/ - https://dichvuhuthamcau.vn/thong-tac-cong-tai-dong-da/ - https://dichvuhuthamcau.vn/thong-tac-bon-cau-tai-dong-da/ Đã đọc thêm bảng giá và chính sách bảo hành chính thức. Quan sát trực tiếp: Bồn cầu Chùa Bộc/Văn Chương/Thái Hà và cống dùng cùng ý ngõ nhỏ–khu tập thể nhưng khác phần việc. Bài hút giữ cách đo, ống xa và người duyệt bể chung; Văn Chương tại hub/ca hút giữ đúng nguồn và ngày. Kiểm tra đoạn dài từ 90 ký tự trở lên: có 4 đoạn của bài hiện tại xuất hiện nguyên văn ở ít nhất một bài O (đếm mỗi đoạn một lần, không phải % trùng toàn bài). Ví dụ phần giá/bảo hành/điều phối dùng chung; các mô-típ mở bài 'nên bắt đầu bằng việc mô tả đúng biểu hiện' và khối chuẩn bị địa chỉ giống về ý. Chỉ thay tên hoặc từ đồng nghĩa không giải quyết trùng ý. Đây là nhận định biên tập, không là kết luận Google phạt trùng lặp. Phân vai: chính sách thật về bảng giá, phiếu, hotline và điều kiện bảo hành được phép nhất quán; hub giải thích chính sách và lựa chọn dịch vụ; bài địa bàn bổ sung khảo sát tiếp cận, hệ thống thực tế và hồ sơ đúng ca. Bài Đống Đa phải làm sâu: Ngõ sâu và bể chung: thống nhất tuyến ống trước khi tính tiền. Không nhập ca của dịch vụ khác, không coi tên quận/phường là bằng chứng có trạm trực. NGUỒN DOANH NGHIỆP: J15 và Hồ sơ case đúng mã đã đọc, giữ nguyên nhãn minh họa/chờ xác nhận; chưa tiếp cận tệp gốc ảnh/video/phiếu. Nhãn Khôi xác nhận trên live giữ nguyên; tình trạng hồ sơ Sheet chưa đầy đủ không phủ nhận dữ kiện đã được chủ máy duyệt. Phạm vi điều phối B9:O23 được đối chiếu; phần chưa có xác nhận không tự tạo điểm xe hoặc thời gian đến. Phường xã cũ: dùng mốc lịch sử30/06/2025, không cộng526+78 thành604 đơn vị đồng thời; chưa đối chiếu toàn bộ từng địa danh với nguồn nhà nước trong lượt này. MỨC CHẮC CHẮN: cấu trúc/lỗi/câu đã đăng là quan sát trực tiếp, cao. Intent và hướng M là suy luận biên tập, cần kiểm chứng bằng truy vấn/cuộc gọi. Nhận định đối thủ dựa trên5bài đã đọc, không là dữ liệu khách hàng Toàn Việt; đã đối chiếu nội bộ, còn hồ sơ/giới hạn nghiên cứu nêu tại AB trước nghiệm thu. GSC: connector báo payment_required (trial hết/gói chưa hoạt động); chưa lấy được dữ liệu đúng URL, kỳ đo/bộ lọc chưa áp dụng; không có volume, clicks, impressions, CTR hay thứ hạng GSC. Chưa đọc log cuộc gọi/tin nhắn hoặc khảo sát khách hàng; không tạo tần suất. MA TRẬN CHỦ ĐỀ → HÀNH ĐỘNG (đề xuất, chưa sửa website): 1) Chọn đúng dịch vụ: đối thủ #1–#5 trả lời nguyên nhân/dấu hiệu ở mức khác nhau như ghi trên; không dùng một biểu hiện làm chẩn đoán. Bài mình đã có phân loại, cần làm sâu 'Ngõ sâu và bể chung: thống nhất tuyến ống trước khi tính tiền'. Bổ sung câu hỏi và ranh giới riêng/chung trong H2 đầu + H2 trọng tâm N; căn cứ nguồn live/I và 3URL O, khảo sát thực tế khi chưa rõ. 2) Giá/tổng tiền: phần đã có hoặc thiếu đơn vị ở từng đối thủ xem #1–#5. Bài mình giữ bảng m³/khoán, mức tối thiểu và cách đọc mức đầu/cuối do Khôi nêu; gộp bảng lặp, nêu phần trong gói, ngoài gói và người duyệt trong N/AA; nghiệm thu bằng báo giá/phiếu đúng hạng mục, không mượn giá đối thủ. 3) Thiết bị/kết quả: đối thủ có nhiều lời hứa không đục phá, đến nhanh hoặc % sạch; chỗ có phép thử/camera đã ghi riêng. Bài mình giữ quy trình thật nhưng thêm điều kiện chọn máy/xe và giới hạn kết cấu; ghi lượng thực tế, nước thêm và từng chuyến, thử nhánh liên quan. Hồ sơ cần báo giá, ảnh trước–sau và biên nhận; chỉ dùng thông số máy đang có nguồn. 4) Bằng chứng/địa bàn: case/điểm trực của đối thủ là tuyên bố trên website, chưa kiểm chứng độc lập. Bài mình có dữ kiện đã duyệt phải giữ: 276 Tây Sơn; ca Văn Chương được xác nhận, 1,5 m³ và phụ phí 1,5 triệu; 17 phường tại 30/06/2025 và giải thích lịch sử Trung Tự. Nêu nhãn minh họa/doanh nghiệp xác nhận, nối phiếu/ảnh/người duyệt; bài địa bàn dùng điều kiện tiếp cận cụ thể, hub dẫn tới địa bàn. Các khoảng thiếu còn lại tại AB; không ghi nghiệm thu D01/D02 tự động. | N15: TRỌNG TÂM ĐỀ XUẤT: Nhà ngõ sâu và bể chung: đối chiếu lượng hút, phụ phí tuyến ống, hố ga và nguồn mùi thành từng phần. Lý do: Ca Văn Chương có 80 m ống, 1,5 m³ và phụ phí riêng đã được Khôi xác nhận; dùng làm bài học quyết định, không suy giới hạn thiết bị. Giá trị riêng cần làm thành bảng kiểm/phạm vi được duyệt: Vai trò đại diện, giờ ngừng xả; phân phí hút/ống/ga/ngăn mùi; thử đúng nhánh tầng thấp và ga hạ lưu. Dữ liệu còn cần: hồ sơ gốc nối với từng ca, người duyệt, ảnh/video trước–sau, cách xác nhận lượng hút và từng chuyến xe; xác nhận chính xác điểm/giờ phục vụ khi có mâu thuẫn. Không dùng ca minh họa như công trình thật, không lấy năng lực hay chính sách đối thủ gán cho Toàn Việt. Đã đọc đủ5URL; ưu tiên cách khách kiểm lượng, phạm vi riêng/chung và quyền duyệt theo nguồn Toàn Việt. | O15: DÀN Ý ĐỀ XUẤT SỬA BÀI16/10/2026 — đã đối chiếu5bài organic; website CHƯA được sửa theo dàn ý. Mở bài/khối nhanh: dịch vụ đúng Đống Đa, biểu hiện cần mô tả, điều kiện nhận việc, CTA gọi/Zalo; tránh lặp từ khóa và hứa giờ đến tuyệt đối. H2: Khi nào cần hút bể, khi nào kiểm tra nhánh tắc trước — mục đích chọn đúng dịch vụ, không chẩn đoán chỉ từ mùi hoặc nước rút chậm. H3: Một điểm hay nhiều điểm cùng bất thường, lịch hút/thông trước, biểu hiện sau mưa và thiết bị còn dùng bình thường. H3: Phân bùn trong bể, ống nghẹt, đầu ra/ống khí và nghi rò kết cấu; hỏi dữ kiện rồi khảo sát. H3: Tạm ngừng xả ở điểm trào, gửi ảnh/mô tả; không tự xuống bể/ga, không trộn hóa chất. H2: Ngõ sâu và bể chung: thống nhất tuyến ống trước khi tính tiền — mục đích xử lý quyết định riêng của bài. H3: Thông tin khảo sát và người phối hợp: Vai trò đại diện, giờ ngừng xả; phân phí hút/ống/ga/ngăn mùi; thử đúng nhánh tầng thấp và ga hạ lưu. H3: Ghi phạm vi đã đồng ý, phần còn cần kiểm tra và điều kiện bàn giao; ví dụ chỉ dùng nguồn live đúng nhãn, không biến giả thuyết thành ca thật. H2: Giá hút bể: m³ thực tế hay khoán, khách duyệt khoản nào — mục đích dự toán đúng và kiểm soát phần phát sinh. H3: Một bảng giá hiện hành có ngày áp dụng, mức tối thiểu dưới1m³ và bậc1–3/>3–6/>6–10/>10; dẫn bảng giá chính thức. Dải1–10 chọn bậc theo tổng lượng thực tế, không tính lũy tiến; trên10 khảo sát. H3: Dung tích thiết kế, lượng ước tính và lượng lên xe khác nhau; khoán phải ghi phạm vi/giới hạn, không thu lại m³ cho phần đã khoán. H3: Ống xa, ca đêm, phá mỡ, dò/mở nắp/hoàn trả: tách khoản, điều kiện và người duyệt trước làm; số lịch sử của ca giữ đúng ngày, không tính lại bằng giá hôm nay. H2: Phương án xe, cửa thăm và từng ngăn theo hiện trạng — mục đích biết vì sao chọn phương án, phần nào nằm trong báo giá. H3: Xe nhỏ/lớn, điểm dừng và tuyến ống cần khảo sát thực địa; không suy mọi ngõ đều vào được. H3: Cửa thăm sẵn có, nắp bị che, bùn đặc và tuyến bếp: tách hạng mục, xin duyệt trước mở hoặc thông thêm. H3: Bảo vệ lối chung, sàn/tài sản và lịch ngừng xả; không hứa không đục phá trong mọi tình huống. H2: Xác nhận lượng hút và thử lại trước ký phiếu — mục đích biến cam kết thành bước khách chứng kiến. H3: Theo hướng dẫn Khôi tại hub Hà Nội: đọc mức đầu/cuối cùng xe qua kính/thang1hoặc0,5m³, ghi từng chuyến; thống nhất trước cách ghi nước sục rửa. Không dùng kích thước thiết kế hay ước lượng làm lượng thanh toán. H3: Kiểm tra từng ngăn/nhánh liên quan, nắp đã hoàn trả, phần còn tắc/rò phải ghi riêng. H3: Đối chiếu báo giá, tổng tiền, người ký và phiếu theo hạng mục; hút tối đa12tháng theo phiếu, tách lỗi thi công với nứt/rò/nước ngầm; hẹn kiểm tra theo chính sách, không hứa sửa xong trong24h. H2: Phạm vi triển khai và chuẩn bị địa chỉ Đống Đa — mục đích xác nhận nhận việc và khả năng tiếp cận. H3: Tên địa bàn cũ chỉ là tra cứu theo mốc30/06/2025; dùng địa chỉ hiện hành và ghim đúng cổng. H3: Người mở cửa thăm/ga, người duyệt chi phí, vị trí xe/máy và khung giờ có thể ngừng xả. H3: Điểm trực và ETA chỉ dùng thông tin đã được doanh nghiệp xác nhận; địa bàn ngoài phạm vi hub cần điều phối xác nhận riêng. H2: Ba ca/tình huống đang đăng và tư liệu kèm theo — mục đích chứng minh đúng phần việc, không thay bằng bộ J khác. H3: Ca 1: Ngõ Tự Do — giữ nguồn/ngày/số liệu đã duyệt; liên kết hồ sơ, ảnh/video trước–sau và phiếu đúng ca. H3: Ca 2: Chùa Bộc — giữ nguồn/ngày/số liệu đã duyệt; liên kết hồ sơ, ảnh/video trước–sau và phiếu đúng ca. H3: Ca 3: Nguyễn Lương Bằng — giữ nguồn/ngày/số liệu đã duyệt; liên kết hồ sơ, ảnh/video trước–sau và phiếu đúng ca. Giữ thêm ca Văn Chương8/2026 do Khôi xác nhận (1,5m³,80mống); không gộp với ba ca3/2026 hoặc ca thông cống3/2024. Hồ sơ case trên Sheet còn chờ tệp gốc/liên kết xác minh; nhãn doanh nghiệp hoặc Khôi đã xác nhận trên live vẫn phải bảo toàn. Không tự hạ/xóa dữ kiện đã duyệt. Ảnh minh họa phải ghi minh họa; ảnh công trình cần nguồn, người duyệt và caption đúng phần việc. Không dùng review sao/rating bài làm đánh giá khách thật. H2: Câu hỏi còn ảnh hưởng quyết định và đặt lịch — mục đích trả lời phần chưa rõ, tránh lặp thân bài. H3: Hút rồi vẫn thoát chậm thì kiểm tra phần nào? H3: Không biết vị trí nắp hoặc lượng bể thì chuẩn bị gì? H3: Giá đã gồm mở/hoàn trả và hạng mục ngoài gói chưa; phải có mặt hay cử người đại diện? H3: Đặt lịch qua0943.789.121/Zalo: gửi địa chỉ/ghim/ảnh, người phụ trách, giờ có thể ngừng xả và hóa chất đã dùng. Liên kết nội bộ đúng intent từ O; chính sách dài dẫn hub/bảng giá/bảo hành, không chép nguyên toàn bộ. BỐ TRÍ LIÊN KẾT NỘI BỘ ĐÃ ĐỐI CHIẾU16/10/2026: - https://dichvuhuthamcau.vn/hut-be-phot-tai-ha-noi/ — đặt ở phần chính sách giá/đo lượng hoặc điều phối tổng quan. - https://dichvuhuthamcau.vn/thong-tac-cong-tai-dong-da/ — đặt khi khảo sát cho thấy nhánh cống/ga cần thông riêng. - https://dichvuhuthamcau.vn/thong-tac-bon-cau-tai-dong-da/ — đặt khi điểm nghẹt nằm ở bồn/cổ bồn hoặc cần lấy dị vật, không mặc định phải tháo. Phần câu hỏi/tháo bồn chi tiết thuộc bài bồn cầu; trường hợp hỏng ống phải ghi giới hạn và xin duyệt hạng mục riêng. Đây là bố trí đề xuất cho bản sửa. | P15: https://dichvuhuthamcau.vn/hut-be-phot-tai-ha-noi/ https://dichvuhuthamcau.vn/thong-tac-cong-tai-dong-da/ https://dichvuhuthamcau.vn/thong-tac-bon-cau-tai-dong-da/ https://dichvuhuthamcau.vn/bang-gia/ https://dichvuhuthamcau.vn/chinh-sach-bao-hanh/ | Q15: FALSE | R15: FALSE | S15: =SUMIFS('Hồ sơ case'!$AE$9:$AE$287,'Hồ sơ case'!$B$9:$B$287,B15) -> 0 | T15: FALSE | U15: FALSE | V15: FALSE | W15: FALSE | X15: FALSE | Y15: =IF(AND(Q15=TRUE,R15=TRUE,S15=3,T15=TRUE,U15=TRUE,V15=TRUE,W15=TRUE,X15=TRUE,Z15<>"",AA15>0,AD15<>"Chưa xác định",AD15<>""),"Đủ bước, chờ nghiệm thu","Còn bước hoặc dữ liệu") -> Còn bước hoặc dữ liệu | AB15: D01–QA10. Đọc bài hiện tại, sửa câu lỗi. Làm rõ cần hút hay kiểm tra/thông, giá theo lượng/khoán và cách xác nhận. Bổ sung3case đúng địa bàn, bảng phường cũ, phạm vi và điều xe có nguồn. Thiết kế luồng riêng theo brief. Ưu tiên kiểm tra các câu hỏng/tên thiếu trong báo cáo07/10; xác minh địa chỉ và thông tin thời gian video trước khi công bố. Đọc lại live trước sửa. BỔ SUNG16/10/2026 — HN-007: P1 — Lỗi tại vị trí quan sát: Rà các câu tuyệt đối ở ba ca tháng 3 như 'hút sạch toàn bộ', 'hoàn toàn thông suốt' theo tiêu chí nghiệm thu có nguồn. Bộ J15 ghi minh họa 2023 khác bộ live tháng 3/2026 và ca Văn Chương 8/2026; không chuyển ngày hoặc gộp công trình. P1 — Giá và nghiệm thu: chỉ dùng lượng thực tế có cách đối chiếu khi tính m³; phân khoán/thiết kế/ước tính, ghi nước sục rửa và từng chuyến theo hướng dẫn Khôi ở hub, khoản phát sinh được duyệt trước. Không nghiệm thu bằng 'lượng dự kiến'. Lý do: khách cần đối chiếu tổng tiền và phần việc thực nhận. P1 — Bảo toàn dữ kiện: 276 Tây Sơn; ca Văn Chương được xác nhận, 1,5 m³ và phụ phí 1,5 triệu; 17 phường tại 30/06/2025 và giải thích lịch sử Trung Tự. Lập bảng đối chiếu J/live/Hồ sơ case, giữ nguồn/ngày/nhãn từng bộ; ca minh họa không là công trình thật; thiếu tệp gốc không làm mất hiệu lực dữ kiện chủ máy đã duyệt. Khôi/đầu mối cung cấp ảnh/video/phiếu, phép đo và quyền dùng tư liệu còn thiếu. P2 — Cấu trúc: triển khai trọng tâm M và dàn ý N, viết lại câu sai tự nhiên thay vì đảo từ hoặc đổi địa danh. Lý do: phần đang lặp không giúp chốt dịch vụ. Giữ chính sách chung thật nhất quán; loại diễn đạt tuyệt đối/định lượng chỉ sau đối chiếu nguồn và duyệt chỉnh sửa. P2 — Metadata/CTA/liên kết: bám đúng dịch vụ và điểm quyết định riêng; giữ URL I, dùng một H1 rõ. Canonical live đã thấy tự trỏ đúng URL I; robots meta có index,follow (kiểm DOM16/10/2026), chưa kiểm HTTP/robots.txt/Google index thực. Không suy truy cập được thành HTTP200/indexed. Không hứa ETA tuyệt đối; giữ hotline/phiếu/chính sách. P2 — D02: đã đối chiếu 3 URL gốc O15 và nguồn chính sách; nghiên cứu đối thủ theo đúng 5 vị trí ghi L15 (5/5 đọc nội dung chính). Ma trận chủ đề→bài mình→hành động/nguồn/điều kiện kiểm tra nằm ở L; triển khai theo N, không sao chép bố cục hoặc cam kết của đối thủ. P3 — Sau sửa (ngoài phạm vi lượt này): kiểm lại trang live, lỗi câu/ảnh/caption/link, giá và thử nghiệm thu mô tả; kiểm địa danh đúng mốc và hồ sơ ba ca. Chỉ quản lý nghiệm thu khi D01/D02 và hồ sơ đủ; không tự tích checkbox. P2 — Phân vai nội bộ sau đọc O: Bồn cầu Chùa Bộc/Văn Chương/Thái Hà và cống dùng cùng ý ngõ nhỏ–khu tập thể nhưng khác phần việc. Bài hút giữ cách đo, ống xa và người duyệt bể chung; Văn Chương tại hub/ca hút giữ đúng nguồn và ngày. Giữ thông tin chính sách dùng chung; rút đoạn lặp và dẫn đúng dịch vụ theo chẩn đoán khảo sát, không tự xóa/chuyển dữ kiện đã duyệt. Điều kiện kiểm tra: mọi URL O gốc còn nguyên, liên kết đặt ở đoạn giải thích đúng phạm vi; trọng tâm 'Ngõ sâu và bể chung: thống nhất tuyến ống trước khi tính tiền' có đầu vào khảo sát và kết quả có thể đối chiếu. | AC15: Chưa có3case xác minh; chờ Khôi bổ sung hồ sơ. Đối chiếu16/10/2026: J và bộ ca live không đồng nhất; cần hồ sơ nối từng ca và người xác nhận trước chọn bộ cho bản sửa. Hồ sơ Sheet đang chờ không phải căn cứ phủ nhận dữ kiện Khôi đã duyệt trên live. GSC chưa lấy được do connector yêu cầu gói hoạt động; chưa có log cuộc gọi/tin nhắn/nguồn tần suất. Đây là giới hạn nguồn, không được tạo số liệu. Top5 đã đọc nội dung chính; đối chiếu nội bộ đã xong, còn hồ sơ như dưới đây, chưa tự ghi nhận nghiệm thu D02. Đã đọc đủ 3URL gốc O và đối chiếu phân vai/đoạn trùng ngày16/10/2026; phần này không còn là vướng mắc. Phần địa danh/điểm trực/kỹ thuật có nghi vấn cụ thể xem AA; chỉ xác minh phần thiếu hoặc mâu thuẫn, không đòi duyệt lại toàn bộ chính sách đã có nguồn. Chưa kiểm HTTP/robots.txt/index thực; không coi D01 kỹ thuật đã hoàn tất. | AD15: Chưa xác định | AE15: https://dichvuhuthamcau.vn/hut-be-phot-tai-dong-da/ —16/10/2026: đã đọc toàn bộ nội dung chính live +metadata/H1/H2/H3/FAQ/CTA/link; canonical/robots meta kiểm DOM; không sửa website. https://dichvuhuthamcau.vn/hut-be-phot-tai-ha-noi/ —16/10/2026: đã đọc nội dung chính, dùng phân vai/chính sách. https://dichvuhuthamcau.vn/thong-tac-cong-tai-dong-da/ —16/10/2026: đã đọc nội dung chính, dùng phân vai/chính sách. https://dichvuhuthamcau.vn/bang-gia/ —16/10/2026: đã đọc nội dung chính, dùng phân vai/chính sách. https://dichvuhuthamcau.vn/chinh-sach-bao-hanh/ —16/10/2026: đã đọc nội dung chính, dùng phân vai/chính sách. https://moitruongminhtam.vn/hut-be-phot-tai-dong-da-2904.html —16/10/2026: đã đọc toàn bộ nội dung chính, title/H1/H2/H3/giá/quy trình/FAQ/case nếu có. https://alothongtac.com/hut-be-phot-tai-dong-da/ —16/10/2026: đã đọc toàn bộ nội dung chính, title/H1/H2/H3/giá/quy trình/FAQ/case nếu có. https://bkenvico.com/hut-be-phot-tai-dong-da/ —16/10/2026: đã đọc toàn bộ nội dung chính, title/H1/H2/H3/giá/quy trình/FAQ/case nếu có. https://kienmoitruong.com/hut-be-phot-tai-dong-da/ —16/10/2026: đã đọc toàn bộ nội dung chính, title/H1/H2/H3/giá/quy trình/FAQ/case nếu có. https://hutbephotvietphat.vn/hut-be-phot-tai-dong-da-bid3178.html?kt=1 —16/10/2026: đã đọc toàn bộ nội dung chính, title/H1/H2/H3/giá/quy trình/FAQ/case nếu có. https://dichvuhuthamcau.vn/thong-tac-bon-cau-tai-dong-da/ —16/10/2026: đã đọc toàn bộ nội dung chính/H2/H3/giá/ca/FAQ để phân vai và đối chiếu đoạn trùng; không sửa bài tham khảo. | AF15: =IF(AND(A15=TRUE,Y15="Đủ bước, chờ nghiệm thu"),1,0) -> 0
A16: FALSE | B16: HN-008 | C16: Hai Bà Trưng | D16: Hút bể phốt | E16: Đăng | F16: Chưa làm | G16: Hà Nội trước | J16: https://dichvuhuthamcau.vn/hut-be-phot-tai-hai-ba-trung/ | K16: CA 1: - Khu vực thi công: Phố Bạch Mai, phường Bạch Mai, quận Hai Bà Trưng, Hà Nội - Thời điểm: Sáng ngày 12/10/2023 - Công trình: Nhà ở dân dụng kết hợp kinh doanh quán ăn tầng trệt - Hiện trạng: Bể phốt 3 ngăn bị tắc nghẽn nặng, nước thải trào ngược lên khu vực sàn rửa bát gây ngập úng và bốc mùi hôi thối khó chịu. - Khó khăn: Vị trí đặt bể phốt nằm sâu bên trong nhà bếp, lối đi hẹp (chỉ khoảng 70cm), xe hút chuyên dụng không thể tiếp cận trực tiếp mà phải đỗ cách xa hơn 50 mét. - Cách xử lý: Đội ngũ MTX Toàn Việt đã khảo sát và sử dụng hệ thống ống dẫn mềm nối dài kết hợp máy hút chân không công suất cao đặt tại mặt phố để tiến hành hút sạch triệt để bùn cặn lắng lâu năm. - Kết quả: Bể phốt được làm sạch hoàn toàn 100%, đường ống thoát nước thông thoáng trở lại, không còn hiện tượng trào ngược, khu vực bếp được dọn dẹp sạch sẽ và khử mùi trước khi bàn giao. - Ảnh/video/phiếu nghiệm thu: [Hình ảnh thực tế xe hút đỗ ngoài mặt phố kết hợp ống dẫn vào nhà; Video quay cận cảnh đường ống thông thoáng sau xử lý; Phiếu nghiệm thu có chữ ký khách hàng - Minh họa giả định] - Người xác nhận thông tin: Anh Nguyễn Văn Hùng (Chủ cơ sở kinh doanh) CA 2: - Khu vực thi công: Ngõ Hòa Bình 4, phố Minh Khai, quận Hai Bà Trưng, Hà Nội - Thời điểm: Chiều ngày 18/11/2023 - Công trình: Khu nhà trọ tập thể 5 tầng cũ - Hiện trạng: Hệ thống vệ sinh chung của toàn khu trọ bị ùn ứ diện rộng, nhiều phòng ở tầng trệt không thể xả được chất thải, gây ảnh hưởng nghiêm trọng đến sinh hoạt của các hộ dân. - Khó khăn: Miệng bể phốt bị che lấp bởi lớp nền gạch cải tạo qua nhiều năm, không có bản vẽ thiết kế ban đầu nên việc dò tìm vị trí nắp bể gặp nhiều khó khăn. - Cách xử lý: Kỹ thuật viên sử dụng máy dò vị trí nắp bể chuyên dụng để xác định chính xác tâm bể, tiến hành đục khoét phần gạch men tối thiểu để mở nắp và triển khai hút sạch lượng chất thải quá tải. - Kết quả: Toàn bộ lượng bùn đặc và nước thải trong bể phốt đã được hút sạch sẽ, hệ thống vệ sinh của cả 5 tầng hoạt động bình thường trở lại, khu vực đục phá nền được trám trét thẩm mỹ. - Ảnh/video/phiếu nghiệm thu: [Hình ảnh quá trình dò tìm nắp bể; Video dòng chất thải được hút lên bồn chứa; Phiếu nghiệm thu dịch vụ - Minh họa giả định] - Người xác nhận thông tin: Chị Lê Thị Mai (Đại diện ban quản lý khu nhà trọ) CA 3: - Khu vực thi công: Phố Huế, phường Hàng Bài, quận Hai Bà Trưng, Hà Nội - Thời điểm: Ban đêm (23h00 - 02h00) ngày 05/12/2023 - Công trình: Nhà hàng ẩm thực cao cấp - Hiện trạng: Bể mỡ và bể phốt ngầm phát ra mùi hôi nặng nề, ảnh hưởng trực tiếp đến không gian đón khách của nhà hàng vào ngày hôm sau. - Khó khăn: Yêu cầu thời gian thi công rất ngặt nghèo (phải hoàn thành trước giờ nhà hàng mở cửa đón khách buổi sáng), đồng thời phải đảm bảo tuyệt đối không gây tiếng ồn lớn và không làm ảnh hưởng đến không gian nội thất sang trọng. - Cách xử lý: MTX Toàn Việt huy động lực lượng thợ lành nghề cùng xe hút âm thanh giảm áp thế hệ mới, sử dụng phương pháp hút kín tuần hoàn không phát tán mùi ra không gian xung quanh. - Kết quả: Hoàn thành công việc trước thời hạn 1 tiếng, không gian nhà hàng sạch sẽ, thơm tho, không để lại vết bẩn hay mùi hôi, đảm bảo điều kiện kinh doanh tốt nhất cho nhà hàng. - Ảnh/video/phiếu nghiệm thu: [Hình ảnh thi công ban đêm với thiết bị gọn gàng; Video kiểm tra độ sạch bên trong bể; Biên bản bàn giao công việc - Minh họa giả định] - Người xác nhận thông tin: Ông Trần Đức Anh (Quản lý vận hành nhà hàng) | L16: Giao dịch địa phương + so sánh trước khi gọi hút bể phốt tại Hai Bà Trưng. Nhu cầu chính: xác định có cần hút bể hay xử lý nhánh tắc, tìm đơn vị nhận đúng địa chỉ và biết tổng tiền. Nhu cầu phụ: xe/ống có tiếp cận được, cần mở nắp gì, giờ làm, cách kiểm lượng, thử xả và bảo hành. Trước đặt dịch vụ phải rõ phạm vi, tính m³ hay khoán, khoản ngoài gói do ai duyệt và kết quả bàn giao. Đây là intent suy từ truy vấn/SERP, chưa có số liệu GSC hoặc tần suất cuộc gọi. | M16: NGHIÊN CỨU 16/10/2026 — HN-008 Google: truy vấn "hút bể phốt Hai Bà Trưng", desktop, hl=vi, gl=vn, pws=0; chân trang Google xác định IP Cái Răng, Cần Thơ. Đây là thứ tự quan sát trong phiên này, không đại diện thứ hạng tại Hà Nội. Không tính quảng cáo, Maps/Local Pack, AI Overview/video. Quan sát 5/5 organic; đọc nội dung 5/5 (toàn bộ nội dung chính; đoạn trùng nguyên văn đã đọc được đối chiếu). #1 https://moitruongminhtam.vn/hut-be-phot-tai-hai-ba-trung-2922.html Minh Tâm:5loại bể/giá2025/xe mini500L–ống80m/quy trình/hậu mãi/phạm vi. Có phân người quản lý bể chung và cơ quan; bảng còn ghi2025, thiếu kiểm lượng đầu/cuối và ca ngày/phiếu. Hứa ngõ1,2m/100%/khử trùng không kèm số đo gốc. #2 https://hutbephotvietphat.vn/hut-be-phot-tai-hai-ba-trung-bid3214.html → URL cuối: https://hutbephotvietphat.vn/hut-be-phot-tai-hai-ba-trung-bid3214.html?kt=1 Việt Phát: bể là gì/lợi ích/thủ công–dịch vụ/hiện trạng/đơn vị/4bước. Có thỏa thuận lượng và báo giá nhưng thiếu kiểm lượng, case, phạm vi bảo hành. Phần múc chất thải/đổ hóa chất chỉ là nội dung đối thủ, không đưa thành hướng dẫn an toàn; nhiềuH1 và100k/xe chưa rõ điều kiện. #3 https://kienmoitruong.com/hut-be-phot-tai-hai-ba-trung/ Kiến: định kỳ/dấu hiệu/5loại bể/dịch vụ/cam kết/giá m³–xe/5bước/tuyến/case Mai Hắc Đế/chống gian lận. Có kiểm nắp/đường chính và ai giám sát; tiêu đề40k khác giới thiệu250–350k, bảng1–10khối cần khảo sát. Case xe6m³50phút không nêu lượng thực tế/ngày/phiếu; thiếu cách đo và tách tuyến bếp. #4 https://hutbephothaiphongvn.com/hut-be-phot-tai-hai-ba-trung/ Hoàng Cường: hiện trạng/dấu hiệu/5công nghệ/5dòng xe/5bước/giá/ưu đãi/tạm xử lý/FAQ. Có hỏi giờ, khảo sát, bảng gia đình600k–1triệu/lần;69k/khối tiêu đề không giải thích. Địa danh Định Công/Lĩnh Nam/Linh Đàm lẫn từ Hoàng Mai; thiếu case đúng địa bàn và phép đo/phiếu. Không sao chép99/100%,thổi khí/mẹo không có chứng cứ. #5 https://hoanganhxnk.com/2026/05/08/thong-hut-be-phot-hai-ba-trung-ha-noi-nhanh-chong-uy-tin-gia-tot-ho-tro-khach-hang-24-7/ Hoàng Anh: nguyên nhân/dịch vụ/phương pháp/chi phí/phạm vi/liên hệ, bài ngắn khoảng3.700ký tự; rõ báo giá sau khảo sát và hóa đơn nhưng không có giá tham khảo số, quy trình nghiệm thu, phép đo, điều kiện bảo hành hoặc ca có ngày. BÀI MÌNH: https://dichvuhuthamcau.vn/hut-be-phot-tai-hai-ba-trung/ — đã đọc live toàn bộ nội dung chính, title, meta, H1/H2/H3, giá, phương án, ca, FAQ, CTA và liên kết ngày16/10/2026. Quan sát chắc: Mở bài có 'chỗ đang gặp vấn đề dừng', 'có ảnh hưởng đến đến'; H2 'Bước an toàn ở bước chuẩn bị…' và FAQ nhà trong vườn thiếu lý do địa phương. Viết lại câu tự nhiên, thay FAQ bằng phối hợp nhà ở–kinh doanh. Ba ca live Phố Huế/Bạch Mai/Minh Khai khác J16 có tư liệu ghi minh họa giả định. Cần bảo toàn: 134 Bạch Mai; ca live và nguồn doanh nghiệp, bảng giá và CTA; không coi đánh giá sao là review khách đã xác minh. NỘI BỘ — đối chiếu bổ sung 16/10/2026: đã đọc đầy đủ nội dung chính của cả 3 URL gốc O16: - https://dichvuhuthamcau.vn/hut-be-phot-tai-ha-noi/ - https://dichvuhuthamcau.vn/thong-tac-cong-tai-hai-ba-trung/ - https://dichvuhuthamcau.vn/thong-tac-bon-cau-tai-hai-ba-trung/ Đã đọc thêm bảng giá và chính sách bảo hành chính thức. Quan sát trực tiếp: Bồn cầu Bạch Mai/Trần Khát Chân/Phố Huế có mục xem chân bồn/van cấp; cống có nhánh bếp/văn phòng. Bài hút giữ phối hợp ngừng xả giữa các tầng, không chép toàn quy trình gỡ bồn. Kiểm tra đoạn dài từ 90 ký tự trở lên: có 4 đoạn của bài hiện tại xuất hiện nguyên văn ở ít nhất một bài O (đếm mỗi đoạn một lần, không phải % trùng toàn bài). Ví dụ phần giá/bảo hành/điều phối dùng chung; các mô-típ mở bài 'nên bắt đầu bằng việc mô tả đúng biểu hiện' và khối chuẩn bị địa chỉ giống về ý. Chỉ thay tên hoặc từ đồng nghĩa không giải quyết trùng ý. Đây là nhận định biên tập, không là kết luận Google phạt trùng lặp. Phân vai: chính sách thật về bảng giá, phiếu, hotline và điều kiện bảo hành được phép nhất quán; hub giải thích chính sách và lựa chọn dịch vụ; bài địa bàn bổ sung khảo sát tiếp cận, hệ thống thực tế và hồ sơ đúng ca. Bài Hai Bà Trưng phải làm sâu: Nhà vừa ở vừa bán hàng: ai phối hợp các tầng và giờ bàn giao. Không nhập ca của dịch vụ khác, không coi tên quận/phường là bằng chứng có trạm trực. NGUỒN DOANH NGHIỆP: J16 và Hồ sơ case đúng mã đã đọc, giữ nguyên nhãn minh họa/chờ xác nhận; chưa tiếp cận tệp gốc ảnh/video/phiếu. Nhãn Khôi xác nhận trên live giữ nguyên; tình trạng hồ sơ Sheet chưa đầy đủ không phủ nhận dữ kiện đã được chủ máy duyệt. Phạm vi điều phối B9:O23 được đối chiếu; phần chưa có xác nhận không tự tạo điểm xe hoặc thời gian đến. Phường xã cũ: dùng mốc lịch sử30/06/2025, không cộng526+78 thành604 đơn vị đồng thời; chưa đối chiếu toàn bộ từng địa danh với nguồn nhà nước trong lượt này. MỨC CHẮC CHẮN: cấu trúc/lỗi/câu đã đăng là quan sát trực tiếp, cao. Intent và hướng M là suy luận biên tập, cần kiểm chứng bằng truy vấn/cuộc gọi. Nhận định đối thủ dựa trên5bài đã đọc, không là dữ liệu khách hàng Toàn Việt; đã đối chiếu nội bộ, còn hồ sơ/giới hạn nghiên cứu nêu tại AB trước nghiệm thu. GSC: connector báo payment_required (trial hết/gói chưa hoạt động); chưa lấy được dữ liệu đúng URL, kỳ đo/bộ lọc chưa áp dụng; không có volume, clicks, impressions, CTR hay thứ hạng GSC. Chưa đọc log cuộc gọi/tin nhắn hoặc khảo sát khách hàng; không tạo tần suất. MA TRẬN CHỦ ĐỀ → HÀNH ĐỘNG (đề xuất, chưa sửa website): 1) Chọn đúng dịch vụ: đối thủ #1–#5 trả lời nguyên nhân/dấu hiệu ở mức khác nhau như ghi trên; không dùng một biểu hiện làm chẩn đoán. Bài mình đã có phân loại, cần làm sâu 'Nhà vừa ở vừa bán hàng: ai phối hợp các tầng và giờ bàn giao'. Bổ sung câu hỏi và ranh giới riêng/chung trong H2 đầu + H2 trọng tâm N; căn cứ nguồn live/I và 3URL O, khảo sát thực tế khi chưa rõ. 2) Giá/tổng tiền: phần đã có hoặc thiếu đơn vị ở từng đối thủ xem #1–#5. Bài mình giữ bảng m³/khoán, mức tối thiểu và cách đọc mức đầu/cuối do Khôi nêu; gộp bảng lặp, nêu phần trong gói, ngoài gói và người duyệt trong N/AA; nghiệm thu bằng báo giá/phiếu đúng hạng mục, không mượn giá đối thủ. 3) Thiết bị/kết quả: đối thủ có nhiều lời hứa không đục phá, đến nhanh hoặc % sạch; chỗ có phép thử/camera đã ghi riêng. Bài mình giữ quy trình thật nhưng thêm điều kiện chọn máy/xe và giới hạn kết cấu; ghi lượng thực tế, nước thêm và từng chuyến, thử nhánh liên quan. Hồ sơ cần báo giá, ảnh trước–sau và biên nhận; chỉ dùng thông số máy đang có nguồn. 4) Bằng chứng/địa bàn: case/điểm trực của đối thủ là tuyên bố trên website, chưa kiểm chứng độc lập. Bài mình có dữ kiện đã duyệt phải giữ: 134 Bạch Mai; ca live và nguồn doanh nghiệp, bảng giá và CTA; không coi đánh giá sao là review khách đã xác minh. Nêu nhãn minh họa/doanh nghiệp xác nhận, nối phiếu/ảnh/người duyệt; bài địa bàn dùng điều kiện tiếp cận cụ thể, hub dẫn tới địa bàn. Các khoảng thiếu còn lại tại AB; không ghi nghiệm thu D01/D02 tự động. | N16: TRỌNG TÂM ĐỀ XUẤT: Hút bể ở nhà vừa ở vừa kinh doanh: phối hợp ngừng xả và kiểm tra tầng trệt trước mở lại cửa hàng. Lý do: Bài live và điều kiện công trình đang mô tả cho phép tổ chức quyết định quanh "Nhà vừa ở vừa bán hàng: ai phối hợp các tầng và giờ bàn giao", thay cho lặp danh sách lợi ích hoặc chỉ đổi tên địa phương. Đây là hướng biên tập từ dữ liệu đã đăng, chưa xác nhận tần suất nhu cầu thực. Giá trị riêng cần làm thành bảng kiểm/phạm vi được duyệt: Tách nhà vệ sinh và tuyến bếp; cửa thăm dưới sàn/kho; kiểm tra tầng trệt khi tầng trên xả. Dữ liệu còn cần: hồ sơ gốc nối với từng ca, người duyệt, ảnh/video trước–sau, cách xác nhận lượng hút và từng chuyến xe; xác nhận chính xác điểm/giờ phục vụ khi có mâu thuẫn. Không dùng ca minh họa như công trình thật, không lấy năng lực hay chính sách đối thủ gán cho Toàn Việt. Đã đọc đủ5URL; ưu tiên cách khách kiểm lượng, phạm vi riêng/chung và quyền duyệt theo nguồn Toàn Việt. | O16: DÀN Ý ĐỀ XUẤT SỬA BÀI16/10/2026 — đã đối chiếu5bài organic; website CHƯA được sửa theo dàn ý. Mở bài/khối nhanh: dịch vụ đúng Hai Bà Trưng, biểu hiện cần mô tả, điều kiện nhận việc, CTA gọi/Zalo; tránh lặp từ khóa và hứa giờ đến tuyệt đối. H2: Khi nào cần hút bể, khi nào kiểm tra nhánh tắc trước — mục đích chọn đúng dịch vụ, không chẩn đoán chỉ từ mùi hoặc nước rút chậm. H3: Một điểm hay nhiều điểm cùng bất thường, lịch hút/thông trước, biểu hiện sau mưa và thiết bị còn dùng bình thường. H3: Phân bùn trong bể, ống nghẹt, đầu ra/ống khí và nghi rò kết cấu; hỏi dữ kiện rồi khảo sát. H3: Tạm ngừng xả ở điểm trào, gửi ảnh/mô tả; không tự xuống bể/ga, không trộn hóa chất. H2: Nhà vừa ở vừa bán hàng: ai phối hợp các tầng và giờ bàn giao — mục đích xử lý quyết định riêng của bài. H3: Thông tin khảo sát và người phối hợp: Tách nhà vệ sinh và tuyến bếp; cửa thăm dưới sàn/kho; kiểm tra tầng trệt khi tầng trên xả. H3: Ghi phạm vi đã đồng ý, phần còn cần kiểm tra và điều kiện bàn giao; ví dụ chỉ dùng nguồn live đúng nhãn, không biến giả thuyết thành ca thật. H2: Giá hút bể: m³ thực tế hay khoán, khách duyệt khoản nào — mục đích dự toán đúng và kiểm soát phần phát sinh. H3: Một bảng giá hiện hành có ngày áp dụng, mức tối thiểu dưới1m³ và bậc1–3/>3–6/>6–10/>10; dẫn bảng giá chính thức. Dải1–10 chọn bậc theo tổng lượng thực tế, không tính lũy tiến; trên10 khảo sát. H3: Dung tích thiết kế, lượng ước tính và lượng lên xe khác nhau; khoán phải ghi phạm vi/giới hạn, không thu lại m³ cho phần đã khoán. H3: Ống xa, ca đêm, phá mỡ, dò/mở nắp/hoàn trả: tách khoản, điều kiện và người duyệt trước làm; số lịch sử của ca giữ đúng ngày, không tính lại bằng giá hôm nay. H2: Phương án xe, cửa thăm và từng ngăn theo hiện trạng — mục đích biết vì sao chọn phương án, phần nào nằm trong báo giá. H3: Xe nhỏ/lớn, điểm dừng và tuyến ống cần khảo sát thực địa; không suy mọi ngõ đều vào được. H3: Cửa thăm sẵn có, nắp bị che, bùn đặc và tuyến bếp: tách hạng mục, xin duyệt trước mở hoặc thông thêm. H3: Bảo vệ lối chung, sàn/tài sản và lịch ngừng xả; không hứa không đục phá trong mọi tình huống. H2: Xác nhận lượng hút và thử lại trước ký phiếu — mục đích biến cam kết thành bước khách chứng kiến. H3: Theo hướng dẫn Khôi tại hub Hà Nội: đọc mức đầu/cuối cùng xe qua kính/thang1hoặc0,5m³, ghi từng chuyến; thống nhất trước cách ghi nước sục rửa. Không dùng kích thước thiết kế hay ước lượng làm lượng thanh toán. H3: Kiểm tra từng ngăn/nhánh liên quan, nắp đã hoàn trả, phần còn tắc/rò phải ghi riêng. H3: Đối chiếu báo giá, tổng tiền, người ký và phiếu theo hạng mục; hút tối đa12tháng theo phiếu, tách lỗi thi công với nứt/rò/nước ngầm; hẹn kiểm tra theo chính sách, không hứa sửa xong trong24h. H2: Phạm vi triển khai và chuẩn bị địa chỉ Hai Bà Trưng — mục đích xác nhận nhận việc và khả năng tiếp cận. H3: Tên địa bàn cũ chỉ là tra cứu theo mốc30/06/2025; dùng địa chỉ hiện hành và ghim đúng cổng. H3: Người mở cửa thăm/ga, người duyệt chi phí, vị trí xe/máy và khung giờ có thể ngừng xả. H3: Điểm trực và ETA chỉ dùng thông tin đã được doanh nghiệp xác nhận; địa bàn ngoài phạm vi hub cần điều phối xác nhận riêng. H2: Ba ca/tình huống đang đăng và tư liệu kèm theo — mục đích chứng minh đúng phần việc, không thay bằng bộ J khác. H3: Ca 1: Phố Huế — giữ nguồn/ngày/số liệu đã duyệt; liên kết hồ sơ, ảnh/video trước–sau và phiếu đúng ca. H3: Ca 2: Bạch Mai — giữ nguồn/ngày/số liệu đã duyệt; liên kết hồ sơ, ảnh/video trước–sau và phiếu đúng ca. H3: Ca 3: Minh Khai — giữ nguồn/ngày/số liệu đã duyệt; liên kết hồ sơ, ảnh/video trước–sau và phiếu đúng ca. Hồ sơ case trên Sheet còn chờ tệp gốc/liên kết xác minh; nhãn doanh nghiệp hoặc Khôi đã xác nhận trên live vẫn phải bảo toàn. Không tự hạ/xóa dữ kiện đã duyệt. Ảnh minh họa phải ghi minh họa; ảnh công trình cần nguồn, người duyệt và caption đúng phần việc. Không dùng review sao/rating bài làm đánh giá khách thật. H2: Câu hỏi còn ảnh hưởng quyết định và đặt lịch — mục đích trả lời phần chưa rõ, tránh lặp thân bài. H3: Hút rồi vẫn thoát chậm thì kiểm tra phần nào? H3: Không biết vị trí nắp hoặc lượng bể thì chuẩn bị gì? H3: Giá đã gồm mở/hoàn trả và hạng mục ngoài gói chưa; phải có mặt hay cử người đại diện? H3: Đặt lịch qua0943.789.121/Zalo: gửi địa chỉ/ghim/ảnh, người phụ trách, giờ có thể ngừng xả và hóa chất đã dùng. Liên kết nội bộ đúng intent từ O; chính sách dài dẫn hub/bảng giá/bảo hành, không chép nguyên toàn bộ. BỐ TRÍ LIÊN KẾT NỘI BỘ ĐÃ ĐỐI CHIẾU16/10/2026: - https://dichvuhuthamcau.vn/hut-be-phot-tai-ha-noi/ — đặt ở phần chính sách giá/đo lượng hoặc điều phối tổng quan. - https://dichvuhuthamcau.vn/thong-tac-cong-tai-hai-ba-trung/ — đặt khi khảo sát cho thấy nhánh cống/ga cần thông riêng. - https://dichvuhuthamcau.vn/thong-tac-bon-cau-tai-hai-ba-trung/ — đặt khi điểm nghẹt nằm ở bồn/cổ bồn hoặc cần lấy dị vật, không mặc định phải tháo. Phần câu hỏi/tháo bồn chi tiết thuộc bài bồn cầu; trường hợp hỏng ống phải ghi giới hạn và xin duyệt hạng mục riêng. Đây là bố trí đề xuất cho bản sửa. | P16: https://dichvuhuthamcau.vn/hut-be-phot-tai-ha-noi/ https://dichvuhuthamcau.vn/thong-tac-cong-tai-hai-ba-trung/ https://dichvuhuthamcau.vn/thong-tac-bon-cau-tai-hai-ba-trung/ https://dichvuhuthamcau.vn/bang-gia/ https://dichvuhuthamcau.vn/chinh-sach-bao-hanh/ | Q16: FALSE | R16: FALSE | S16: =SUMIFS('Hồ sơ case'!$AE$9:$AE$287,'Hồ sơ case'!$B$9:$B$287,B16) -> 0 | T16: FALSE | U16: FALSE | V16: FALSE | W16: FALSE | X16: FALSE | Y16: =IF(AND(Q16=TRUE,R16=TRUE,S16=3,T16=TRUE,U16=TRUE,V16=TRUE,W16=TRUE,X16=TRUE,Z16<>"",AA16>0,AD16<>"Chưa xác định",AD16<>""),"Đủ bước, chờ nghiệm thu","Còn bước hoặc dữ liệu") -> Còn bước hoặc dữ liệu | AB16: D01–QA10. Đọc bài hiện tại, sửa câu lỗi. Làm rõ cần hút hay kiểm tra/thông, giá theo lượng/khoán và cách xác nhận. Bổ sung3case đúng địa bàn, bảng phường cũ, phạm vi và điều xe có nguồn. Thiết kế luồng riêng theo brief. BỔ SUNG16/10/2026 — HN-008: P1 — Lỗi tại vị trí quan sát: Mở bài có 'chỗ đang gặp vấn đề dừng', 'có ảnh hưởng đến đến'; H2 'Bước an toàn ở bước chuẩn bị…' và FAQ nhà trong vườn thiếu lý do địa phương. Viết lại câu tự nhiên, thay FAQ bằng phối hợp nhà ở–kinh doanh. Ba ca live Phố Huế/Bạch Mai/Minh Khai khác J16 có tư liệu ghi minh họa giả định. P1 — Giá và nghiệm thu: chỉ dùng lượng thực tế có cách đối chiếu khi tính m³; phân khoán/thiết kế/ước tính, ghi nước sục rửa và từng chuyến theo hướng dẫn Khôi ở hub, khoản phát sinh được duyệt trước. Không nghiệm thu bằng 'lượng dự kiến'. Lý do: khách cần đối chiếu tổng tiền và phần việc thực nhận. P1 — Bảo toàn dữ kiện: 134 Bạch Mai; ca live và nguồn doanh nghiệp, bảng giá và CTA; không coi đánh giá sao là review khách đã xác minh. Lập bảng đối chiếu J/live/Hồ sơ case, giữ nguồn/ngày/nhãn từng bộ; ca minh họa không là công trình thật; thiếu tệp gốc không làm mất hiệu lực dữ kiện chủ máy đã duyệt. Khôi/đầu mối cung cấp ảnh/video/phiếu, phép đo và quyền dùng tư liệu còn thiếu. P2 — Cấu trúc: triển khai trọng tâm M và dàn ý N, viết lại câu sai tự nhiên thay vì đảo từ hoặc đổi địa danh. Lý do: phần đang lặp không giúp chốt dịch vụ. Giữ chính sách chung thật nhất quán; loại diễn đạt tuyệt đối/định lượng chỉ sau đối chiếu nguồn và duyệt chỉnh sửa. P2 — Metadata/CTA/liên kết: bám đúng dịch vụ và điểm quyết định riêng; giữ URL I, dùng một H1 rõ. Canonical live đã thấy tự trỏ đúng URL I; robots meta có index,follow (kiểm DOM16/10/2026), chưa kiểm HTTP/robots.txt/Google index thực. Không suy truy cập được thành HTTP200/indexed. Không hứa ETA tuyệt đối; giữ hotline/phiếu/chính sách. P2 — D02: đã đối chiếu 3 URL gốc O16 và nguồn chính sách; nghiên cứu đối thủ theo đúng 5 vị trí ghi L16 (5/5 đọc nội dung chính). Ma trận chủ đề→bài mình→hành động/nguồn/điều kiện kiểm tra nằm ở L; triển khai theo N, không sao chép bố cục hoặc cam kết của đối thủ. P3 — Sau sửa (ngoài phạm vi lượt này): kiểm lại trang live, lỗi câu/ảnh/caption/link, giá và thử nghiệm thu mô tả; kiểm địa danh đúng mốc và hồ sơ ba ca. Chỉ quản lý nghiệm thu khi D01/D02 và hồ sơ đủ; không tự tích checkbox. P2 — Phân vai nội bộ sau đọc O: Bồn cầu Bạch Mai/Trần Khát Chân/Phố Huế có mục xem chân bồn/van cấp; cống có nhánh bếp/văn phòng. Bài hút giữ phối hợp ngừng xả giữa các tầng, không chép toàn quy trình gỡ bồn. Giữ thông tin chính sách dùng chung; rút đoạn lặp và dẫn đúng dịch vụ theo chẩn đoán khảo sát, không tự xóa/chuyển dữ kiện đã duyệt. Điều kiện kiểm tra: mọi URL O gốc còn nguyên, liên kết đặt ở đoạn giải thích đúng phạm vi; trọng tâm 'Nhà vừa ở vừa bán hàng: ai phối hợp các tầng và giờ bàn giao' có đầu vào khảo sát và kết quả có thể đối chiếu. | AC16: Chưa có3case xác minh; chờ Khôi bổ sung hồ sơ. Đối chiếu16/10/2026: J và bộ ca live không đồng nhất; cần hồ sơ nối từng ca và người xác nhận trước chọn bộ cho bản sửa. Hồ sơ Sheet đang chờ không phải căn cứ phủ nhận dữ kiện Khôi đã duyệt trên live. GSC chưa lấy được do connector yêu cầu gói hoạt động; chưa có log cuộc gọi/tin nhắn/nguồn tần suất. Đây là giới hạn nguồn, không được tạo số liệu. Top5 đã đọc nội dung chính; đối chiếu nội bộ đã xong, còn hồ sơ như dưới đây, chưa tự ghi nhận nghiệm thu D02. Đã đọc đủ 3URL gốc O và đối chiếu phân vai/đoạn trùng ngày16/10/2026; phần này không còn là vướng mắc. Phần địa danh/điểm trực/kỹ thuật có nghi vấn cụ thể xem AA; chỉ xác minh phần thiếu hoặc mâu thuẫn, không đòi duyệt lại toàn bộ chính sách đã có nguồn. Chưa kiểm HTTP/robots.txt/index thực; không coi D01 kỹ thuật đã hoàn tất. | AD16: Chưa xác định | AE16: https://dichvuhuthamcau.vn/hut-be-phot-tai-hai-ba-trung/ —16/10/2026: đã đọc toàn bộ nội dung chính live +metadata/H1/H2/H3/FAQ/CTA/link; canonical/robots meta kiểm DOM; không sửa website. https://dichvuhuthamcau.vn/hut-be-phot-tai-ha-noi/ —16/10/2026: đã đọc nội dung chính, dùng phân vai/chính sách. https://dichvuhuthamcau.vn/thong-tac-cong-tai-hai-ba-trung/ —16/10/2026: đã đọc nội dung chính, dùng phân vai/chính sách. https://dichvuhuthamcau.vn/bang-gia/ —16/10/2026: đã đọc nội dung chính, dùng phân vai/chính sách. https://dichvuhuthamcau.vn/chinh-sach-bao-hanh/ —16/10/2026: đã đọc nội dung chính, dùng phân vai/chính sách. https://moitruongminhtam.vn/hut-be-phot-tai-hai-ba-trung-2922.html —16/10/2026: đã đọc toàn bộ nội dung chính, title/H1/H2/H3/giá/quy trình/FAQ/case nếu có. https://hutbephotvietphat.vn/hut-be-phot-tai-hai-ba-trung-bid3214.html?kt=1 —16/10/2026: đã đọc toàn bộ nội dung chính, title/H1/H2/H3/giá/quy trình/FAQ/case nếu có. https://kienmoitruong.com/hut-be-phot-tai-hai-ba-trung/ —16/10/2026: đã đọc toàn bộ nội dung chính, title/H1/H2/H3/giá/quy trình/FAQ/case nếu có. https://hutbephothaiphongvn.com/hut-be-phot-tai-hai-ba-trung/ —16/10/2026: đã đọc toàn bộ nội dung chính, title/H1/H2/H3/giá/quy trình/FAQ/case nếu có. https://hoanganhxnk.com/2026/05/08/thong-hut-be-phot-hai-ba-trung-ha-noi-nhanh-chong-uy-tin-gia-tot-ho-tro-khach-hang-24-7/ —16/10/2026: đã đọc toàn bộ nội dung chính, title/H1/H2/H3/giá/quy trình/FAQ/case nếu có. https://dichvuhuthamcau.vn/thong-tac-bon-cau-tai-hai-ba-trung/ —16/10/2026: đã đọc toàn bộ nội dung chính/H2/H3/giá/ca/FAQ để phân vai và đối chiếu đoạn trùng; không sửa bài tham khảo. | AF16: =IF(AND(A16=TRUE,Y16="Đủ bước, chờ nghiệm thu"),1,0) -> 0
